package_app	file	line_count	reviewer	status	evidence_file	reviewed_ranges	finding_count
apps/primary-advantage	apps/primary-advantage/.env.example	22	Measure Review A/PA-LR-001	reviewed	measure/tracks/primary_advantage_full_review_20260626/line-review/evidence/primary-advantage-001.md	1-22	0
apps/primary-advantage	apps/primary-advantage/.gitignore	52	Measure Review A/PA-LR-001	reviewed	measure/tracks/primary_advantage_full_review_20260626/line-review/evidence/primary-advantage-001.md	1-52	0
apps/primary-advantage	apps/primary-advantage/AGENTS.md	147	Measure Review A/PA-LR-001	reviewed	measure/tracks/primary_advantage_full_review_20260626/line-review/evidence/primary-advantage-001.md	1-147	0
apps/primary-advantage	apps/primary-advantage/Dockerfile	51	Measure Review A/PA-LR-001	reviewed	measure/tracks/primary_advantage_full_review_20260626/line-review/evidence/primary-advantage-001.md	1-51	2
apps/primary-advantage	apps/primary-advantage/README.md	79	Measure Review A/PA-LR-001	reviewed	measure/tracks/primary_advantage_full_review_20260626/line-review/evidence/primary-advantage-001.md	1-79	1
apps/primary-advantage	apps/primary-advantage/actions/article.ts	135	Measure Review A/PA-LR-001	reviewed	measure/tracks/primary_advantage_full_review_20260626/line-review/evidence/primary-advantage-001.md	1-135	3
apps/primary-advantage	apps/primary-advantage/actions/classroom.ts	46	Measure Review A/PA-LR-001	reviewed	measure/tracks/primary_advantage_full_review_20260626/line-review/evidence/primary-advantage-001.md	1-46	2
apps/primary-advantage	apps/primary-advantage/actions/flashcard.ts	1400	measure-jr-green/primary-advantage-002	reviewed	measure/tracks/primary_advantage_full_review_20260626/line-review/evidence/primary-advantage-002.md	1-1400	8
apps/primary-advantage	apps/primary-advantage/actions/pratice.ts	137	measure-jr-green/primary-advantage-003	reviewed	measure/tracks/primary_advantage_full_review_20260626/line-review/evidence/primary-advantage-003.md	1-137	2
apps/primary-advantage	apps/primary-advantage/actions/question.ts	196	measure-jr-green/primary-advantage-003	reviewed	measure/tracks/primary_advantage_full_review_20260626/line-review/evidence/primary-advantage-003.md	1-196	2
apps/primary-advantage	apps/primary-advantage/actions/signupAction.ts	27	measure-jr-green/primary-advantage-003	reviewed	measure/tracks/primary_advantage_full_review_20260626/line-review/evidence/primary-advantage-003.md	1-27	1
apps/primary-advantage	apps/primary-advantage/actions/singinAction.ts	41	measure-jr-green/primary-advantage-003	reviewed	measure/tracks/primary_advantage_full_review_20260626/line-review/evidence/primary-advantage-003.md	1-41	1
apps/primary-advantage	apps/primary-advantage/actions/test.ts	132	measure-jr-green/primary-advantage-003	reviewed	measure/tracks/primary_advantage_full_review_20260626/line-review/evidence/primary-advantage-003.md	1-132	3
apps/primary-advantage	apps/primary-advantage/actions/user.ts	101	measure-jr-green/primary-advantage-003	reviewed	measure/tracks/primary_advantage_full_review_20260626/line-review/evidence/primary-advantage-003.md	1-101	1
apps/primary-advantage	apps/primary-advantage/app/[locale]/(index)/about/page.tsx	21	measure-jr-green/primary-advantage-003	reviewed	measure/tracks/primary_advantage_full_review_20260626/line-review/evidence/primary-advantage-003.md	1-21	0
apps/primary-advantage	apps/primary-advantage/app/[locale]/(index)/authors/page.tsx	13	measure-jr-green/primary-advantage-003	reviewed	measure/tracks/primary_advantage_full_review_20260626/line-review/evidence/primary-advantage-003.md	1-13	1
apps/primary-advantage	apps/primary-advantage/app/[locale]/(index)/contact/page.tsx	15	measure-jr-green/primary-advantage-003	reviewed	measure/tracks/primary_advantage_full_review_20260626/line-review/evidence/primary-advantage-003.md	1-15	1
apps/primary-advantage	apps/primary-advantage/app/[locale]/(index)/layout.tsx	58	measure-jr-green/primary-advantage-003	reviewed	measure/tracks/primary_advantage_full_review_20260626/line-review/evidence/primary-advantage-003.md	1-58	1
apps/primary-advantage	apps/primary-advantage/app/[locale]/(index)/page.tsx	287	line-review-batch-004	reviewed	measure/tracks/primary_advantage_full_review_20260626/line-review/evidence/primary-advantage-004.md	1-287	1
apps/primary-advantage	apps/primary-advantage/app/[locale]/(index)/privacy-policy/page.tsx	162	line-review-batch-004	reviewed	measure/tracks/primary_advantage_full_review_20260626/line-review/evidence/primary-advantage-004.md	1-162	2
apps/primary-advantage	apps/primary-advantage/app/[locale]/(index)/terms/page.tsx	136	line-review-batch-004	reviewed	measure/tracks/primary_advantage_full_review_20260626/line-review/evidence/primary-advantage-004.md	1-136	1
apps/primary-advantage	apps/primary-advantage/app/[locale]/(student)/settings/layout.tsx	14	line-review-batch-004	reviewed	measure/tracks/primary_advantage_full_review_20260626/line-review/evidence/primary-advantage-004.md	1-14	0
apps/primary-advantage	apps/primary-advantage/app/[locale]/(student)/settings/school-profile/page.tsx	168	line-review-batch-004	reviewed	measure/tracks/primary_advantage_full_review_20260626/line-review/evidence/primary-advantage-004.md	1-168	3
apps/primary-advantage	apps/primary-advantage/app/[locale]/(student)/settings/user-profile/page.tsx	219	line-review-batch-004	reviewed	measure/tracks/primary_advantage_full_review_20260626/line-review/evidence/primary-advantage-004.md	1-219	3
apps/primary-advantage	apps/primary-advantage/app/[locale]/(student)/student/assignments/page.tsx	13	line-review-batch-004	reviewed	measure/tracks/primary_advantage_full_review_20260626/line-review/evidence/primary-advantage-004.md	1-13	0
apps/primary-advantage	apps/primary-advantage/app/[locale]/(student)/student/history/page.tsx	24	line-review-batch-004	reviewed	measure/tracks/primary_advantage_full_review_20260626/line-review/evidence/primary-advantage-004.md	1-24	0
apps/primary-advantage	apps/primary-advantage/app/[locale]/(student)/student/layout.tsx	15	line-review-batch-004	reviewed	measure/tracks/primary_advantage_full_review_20260626/line-review/evidence/primary-advantage-004.md	1-15	0
apps/primary-advantage	apps/primary-advantage/app/[locale]/(student)/student/lesson/[id]/page.tsx	77	line-review-batch-004	reviewed	measure/tracks/primary_advantage_full_review_20260626/line-review/evidence/primary-advantage-004.md	1-77	2
apps/primary-advantage	apps/primary-advantage/app/[locale]/(student)/student/read/[articleId]/error.tsx	30	measure-jr-green/primary-advantage-005	reviewed	measure/tracks/primary_advantage_full_review_20260626/line-review/evidence/primary-advantage-005.md	1-30	2
apps/primary-advantage	apps/primary-advantage/app/[locale]/(student)/student/read/[articleId]/loading.tsx	35	measure-jr-green/primary-advantage-005	reviewed	measure/tracks/primary_advantage_full_review_20260626/line-review/evidence/primary-advantage-005.md	1-35	0
apps/primary-advantage	apps/primary-advantage/app/[locale]/(student)/student/read/[articleId]/page.tsx	134	measure-jr-green/primary-advantage-005	reviewed	measure/tracks/primary_advantage_full_review_20260626/line-review/evidence/primary-advantage-005.md	1-134	5
apps/primary-advantage	apps/primary-advantage/app/[locale]/(student)/student/read/loading.tsx	33	measure-jr-green/primary-advantage-005	reviewed	measure/tracks/primary_advantage_full_review_20260626/line-review/evidence/primary-advantage-005.md	1-33	1
apps/primary-advantage	apps/primary-advantage/app/[locale]/(student)/student/read/page.tsx	172	measure-jr-green/primary-advantage-005	reviewed	measure/tracks/primary_advantage_full_review_20260626/line-review/evidence/primary-advantage-005.md	1-172	3
apps/primary-advantage	apps/primary-advantage/app/[locale]/(student)/student/reports/page.tsx	48	measure-jr-green/primary-advantage-005	reviewed	measure/tracks/primary_advantage_full_review_20260626/line-review/evidence/primary-advantage-005.md	1-48	2
apps/primary-advantage	apps/primary-advantage/app/[locale]/(student)/student/sentences/page.tsx	59	measure-jr-green/primary-advantage-005	reviewed	measure/tracks/primary_advantage_full_review_20260626/line-review/evidence/primary-advantage-005.md	1-59	1
apps/primary-advantage	apps/primary-advantage/app/[locale]/(student)/student/vocabulary/page.tsx	19	measure-jr-green/primary-advantage-005	reviewed	measure/tracks/primary_advantage_full_review_20260626/line-review/evidence/primary-advantage-005.md	1-19	1
apps/primary-advantage	apps/primary-advantage/app/[locale]/[...not-found]/layout.tsx	35	measure-jr-green/primary-advantage-005	reviewed	measure/tracks/primary_advantage_full_review_20260626/line-review/evidence/primary-advantage-005.md	1-35	1
apps/primary-advantage	apps/primary-advantage/app/[locale]/[...not-found]/page.tsx	50	measure-jr-green/primary-advantage-005	reviewed	measure/tracks/primary_advantage_full_review_20260626/line-review/evidence/primary-advantage-005.md	1-50	2
apps/primary-advantage	apps/primary-advantage/app/[locale]/admin/article-creation/page.tsx	16	measure-jr-green/primary-advantage-006	reviewed	measure/tracks/primary_advantage_full_review_20260626/line-review/evidence/primary-advantage-006.md	1-16	0
apps/primary-advantage	apps/primary-advantage/app/[locale]/admin/dashboard/page.tsx	75	measure-jr-green/primary-advantage-006	reviewed	measure/tracks/primary_advantage_full_review_20260626/line-review/evidence/primary-advantage-006.md	1-75	2
apps/primary-advantage	apps/primary-advantage/app/[locale]/admin/dashboard/students/page.tsx	552	measure-jr-green/primary-advantage-006	reviewed	measure/tracks/primary_advantage_full_review_20260626/line-review/evidence/primary-advantage-006.md	1-552	6
apps/primary-advantage	apps/primary-advantage/app/[locale]/admin/dashboard/teachers/page.tsx	17	measure-jr-green/primary-advantage-006	reviewed	measure/tracks/primary_advantage_full_review_20260626/line-review/evidence/primary-advantage-006.md	1-17	3
apps/primary-advantage	apps/primary-advantage/app/[locale]/admin/import-data/page.tsx	654	measure-jr-green/primary-advantage-007	reviewed	measure/tracks/primary_advantage_full_review_20260626/line-review/evidence/primary-advantage-007.md	1-654	5
apps/primary-advantage	apps/primary-advantage/app/[locale]/admin/layout.tsx	16	measure-jr-green/primary-advantage-007	reviewed	measure/tracks/primary_advantage_full_review_20260626/line-review/evidence/primary-advantage-007.md	1-16	0
apps/primary-advantage	apps/primary-advantage/app/[locale]/admin/page.tsx	224	measure-jr-green/primary-advantage-007	reviewed	measure/tracks/primary_advantage_full_review_20260626/line-review/evidence/primary-advantage-007.md	1-224	3
apps/primary-advantage	apps/primary-advantage/app/[locale]/admin/students/add/page.tsx	180	measure-jr-green/primary-advantage-007	reviewed	measure/tracks/primary_advantage_full_review_20260626/line-review/evidence/primary-advantage-007.md	1-180	3
apps/primary-advantage	apps/primary-advantage/app/[locale]/admin/students/classrooms/page.tsx	16	measure-jr-green/primary-advantage-007	reviewed	measure/tracks/primary_advantage_full_review_20260626/line-review/evidence/primary-advantage-007.md	1-16	0
apps/primary-advantage	apps/primary-advantage/app/[locale]/admin/students/page.tsx	934	measure-jr-green/primary-advantage-008	reviewed	measure/tracks/primary_advantage_full_review_20260626/line-review/evidence/primary-advantage-008.md	1-934	18
apps/primary-advantage	apps/primary-advantage/app/[locale]/admin/teachers/add/page.tsx	324	measure-jr-green/primary-advantage-009	reviewed	measure/tracks/primary_advantage_full_review_20260626/line-review/evidence/primary-advantage-009.md	1-324	4
apps/primary-advantage	apps/primary-advantage/app/[locale]/admin/teachers/page.tsx	16	measure-jr-green/primary-advantage-009	reviewed	measure/tracks/primary_advantage_full_review_20260626/line-review/evidence/primary-advantage-009.md	1-16	0
apps/primary-advantage	apps/primary-advantage/app/[locale]/auth/error/page.tsx	9	measure-jr-green/primary-advantage-009	reviewed	measure/tracks/primary_advantage_full_review_20260626/line-review/evidence/primary-advantage-009.md	1-9	2
apps/primary-advantage	apps/primary-advantage/app/[locale]/auth/forgot-password/page.tsx	5	measure-jr-green/primary-advantage-009	reviewed	measure/tracks/primary_advantage_full_review_20260626/line-review/evidence/primary-advantage-009.md	1-5	0
apps/primary-advantage	apps/primary-advantage/app/[locale]/auth/layout.tsx	45	measure-jr-green/primary-advantage-009	reviewed	measure/tracks/primary_advantage_full_review_20260626/line-review/evidence/primary-advantage-009.md	1-45	1
apps/primary-advantage	apps/primary-advantage/app/[locale]/auth/signin/page.tsx	30	measure-jr-green/primary-advantage-009	reviewed	measure/tracks/primary_advantage_full_review_20260626/line-review/evidence/primary-advantage-009.md	1-30	0
apps/primary-advantage	apps/primary-advantage/app/[locale]/auth/signup/page.tsx	5	measure-jr-green/primary-advantage-009	reviewed	measure/tracks/primary_advantage_full_review_20260626/line-review/evidence/primary-advantage-009.md	1-5	0
apps/primary-advantage	apps/primary-advantage/app/[locale]/layout.tsx	86	measure-jr-green/primary-advantage-009	reviewed	measure/tracks/primary_advantage_full_review_20260626/line-review/evidence/primary-advantage-009.md	1-86	2
apps/primary-advantage	apps/primary-advantage/app/[locale]/system/dashboard/page.tsx	10	measure-jr-green/primary-advantage-009	reviewed	measure/tracks/primary_advantage_full_review_20260626/line-review/evidence/primary-advantage-009.md	1-10	1
apps/primary-advantage	apps/primary-advantage/app/[locale]/system/layout.tsx	16	measure-jr-green/primary-advantage-009	reviewed	measure/tracks/primary_advantage_full_review_20260626/line-review/evidence/primary-advantage-009.md	1-16	0
apps/primary-advantage	apps/primary-advantage/app/[locale]/system/licenses/create-licenses/create-license-form.tsx	415	measure-jr-green/primary-advantage-010	reviewed	measure/tracks/primary_advantage_full_review_20260626/line-review/evidence/primary-advantage-010.md	1-415	7
apps/primary-advantage	apps/primary-advantage/app/[locale]/system/licenses/create-licenses/page.tsx	32	measure-jr-green/primary-advantage-010	reviewed	measure/tracks/primary_advantage_full_review_20260626/line-review/evidence/primary-advantage-010.md	1-32	0
apps/primary-advantage	apps/primary-advantage/app/[locale]/system/licenses/page.tsx	14	measure-jr-green/primary-advantage-010	reviewed	measure/tracks/primary_advantage_full_review_20260626/line-review/evidence/primary-advantage-010.md	1-14	0
apps/primary-advantage	apps/primary-advantage/app/[locale]/system/schools/page.tsx	15	measure-jr-green/primary-advantage-010	reviewed	measure/tracks/primary_advantage_full_review_20260626/line-review/evidence/primary-advantage-010.md	1-15	1
apps/primary-advantage	apps/primary-advantage/app/[locale]/system/test/article-test-genarate.tsx	54	measure-jr-green/primary-advantage-010	reviewed	measure/tracks/primary_advantage_full_review_20260626/line-review/evidence/primary-advantage-010.md	1-54	1
apps/primary-advantage	apps/primary-advantage/app/[locale]/system/test/audio-test-word.tsx	45	measure-jr-green/primary-advantage-010	reviewed	measure/tracks/primary_advantage_full_review_20260626/line-review/evidence/primary-advantage-010.md	1-45	2
apps/primary-advantage	apps/primary-advantage/app/[locale]/system/test/audio-test.tsx	47	measure-jr-green/primary-advantage-010	reviewed	measure/tracks/primary_advantage_full_review_20260626/line-review/evidence/primary-advantage-010.md	1-47	2
apps/primary-advantage	apps/primary-advantage/app/[locale]/system/test/generate-images.tsx	38	measure-jr-green/primary-advantage-010	reviewed	measure/tracks/primary_advantage_full_review_20260626/line-review/evidence/primary-advantage-010.md	1-38	2
apps/primary-advantage	apps/primary-advantage/app/[locale]/system/test/page.tsx	41	measure-jr-green/primary-advantage-010	reviewed	measure/tracks/primary_advantage_full_review_20260626/line-review/evidence/primary-advantage-010.md	1-41	2
apps/primary-advantage	apps/primary-advantage/app/[locale]/system/test/roles-management.tsx	12	measure-jr-green/primary-advantage-010	reviewed	measure/tracks/primary_advantage_full_review_20260626/line-review/evidence/primary-advantage-010.md	1-12	1
apps/primary-advantage	apps/primary-advantage/app/[locale]/system/test/upload-test.tsx	51	measure-jr-green/primary-advantage-011	reviewed	measure/tracks/primary_advantage_full_review_20260626/line-review/evidence/primary-advantage-011.md	1-51	0
apps/primary-advantage	apps/primary-advantage/app/[locale]/teacher/assignments/[id]/page.tsx	5	measure-jr-green/primary-advantage-011	reviewed	measure/tracks/primary_advantage_full_review_20260626/line-review/evidence/primary-advantage-011.md	1-5	0
apps/primary-advantage	apps/primary-advantage/app/[locale]/teacher/assignments/page.tsx	14	measure-jr-green/primary-advantage-011	reviewed	measure/tracks/primary_advantage_full_review_20260626/line-review/evidence/primary-advantage-011.md	1-14	1
apps/primary-advantage	apps/primary-advantage/app/[locale]/teacher/class-roster/[classroomId]/enrollment/page.tsx	157	measure-jr-green/primary-advantage-011	reviewed	measure/tracks/primary_advantage_full_review_20260626/line-review/evidence/primary-advantage-011.md	1-157	2
apps/primary-advantage	apps/primary-advantage/app/[locale]/teacher/class-roster/[classroomId]/page.tsx	13	measure-jr-green/primary-advantage-011	reviewed	measure/tracks/primary_advantage_full_review_20260626/line-review/evidence/primary-advantage-011.md	1-13	1
apps/primary-advantage	apps/primary-advantage/app/[locale]/teacher/class-roster/page.tsx	12	measure-jr-green/primary-advantage-011	reviewed	measure/tracks/primary_advantage_full_review_20260626/line-review/evidence/primary-advantage-011.md	1-12	0
apps/primary-advantage	apps/primary-advantage/app/[locale]/teacher/dashboard/page.tsx	6	measure-jr-green/primary-advantage-011	reviewed	measure/tracks/primary_advantage_full_review_20260626/line-review/evidence/primary-advantage-011.md	1-6	1
apps/primary-advantage	apps/primary-advantage/app/[locale]/teacher/layout.tsx	16	measure-jr-green/primary-advantage-011	reviewed	measure/tracks/primary_advantage_full_review_20260626/line-review/evidence/primary-advantage-011.md	1-16	1
apps/primary-advantage	apps/primary-advantage/app/[locale]/teacher/my-classes/page.tsx	13	measure-jr-green/primary-advantage-011	reviewed	measure/tracks/primary_advantage_full_review_20260626/line-review/evidence/primary-advantage-011.md	1-13	2
apps/primary-advantage	apps/primary-advantage/app/[locale]/teacher/my-students/page.tsx	13	measure-jr-green/primary-advantage-011	reviewed	measure/tracks/primary_advantage_full_review_20260626/line-review/evidence/primary-advantage-011.md	1-13	2
apps/primary-advantage	apps/primary-advantage/app/[locale]/teacher/reports/page.tsx	46	measure-jr-green/primary-advantage-012	reviewed	measure/tracks/primary_advantage_full_review_20260626/line-review/evidence/primary-advantage-012.md	1-46	4
apps/primary-advantage	apps/primary-advantage/app/[locale]/teacher/student-progress/[id]/page.tsx	53	measure-jr-green/primary-advantage-012	reviewed	measure/tracks/primary_advantage_full_review_20260626/line-review/evidence/primary-advantage-012.md	1-53	3
apps/primary-advantage	apps/primary-advantage/app/api/articles/[articleId]/route.ts	12	measure-jr-green/primary-advantage-012	reviewed	measure/tracks/primary_advantage_full_review_20260626/line-review/evidence/primary-advantage-012.md	1-12	1
apps/primary-advantage	apps/primary-advantage/app/api/articles/generate/custom-generate/approve/route.ts	6	measure-jr-green/primary-advantage-012	reviewed	measure/tracks/primary_advantage_full_review_20260626/line-review/evidence/primary-advantage-012.md	1-6	1
apps/primary-advantage	apps/primary-advantage/app/api/articles/generate/custom-generate/route.ts	13	measure-jr-green/primary-advantage-012	reviewed	measure/tracks/primary_advantage_full_review_20260626/line-review/evidence/primary-advantage-012.md	1-13	1
apps/primary-advantage	apps/primary-advantage/app/api/articles/generate/custom-generate/save/route.ts	6	measure-jr-green/primary-advantage-012	reviewed	measure/tracks/primary_advantage_full_review_20260626/line-review/evidence/primary-advantage-012.md	1-6	1
apps/primary-advantage	apps/primary-advantage/app/api/articles/generate/route.ts	15	measure-jr-green/primary-advantage-012	reviewed	measure/tracks/primary_advantage_full_review_20260626/line-review/evidence/primary-advantage-012.md	1-15	2
apps/primary-advantage	apps/primary-advantage/app/api/articles/questions/[articleId]/route.ts	45	measure-jr-green/primary-advantage-012	reviewed	measure/tracks/primary_advantage_full_review_20260626/line-review/evidence/primary-advantage-012.md	1-45	3
apps/primary-advantage	apps/primary-advantage/app/api/articles/questions/feedback/route.ts	13	measure-jr-green/primary-advantage-012	reviewed	measure/tracks/primary_advantage_full_review_20260626/line-review/evidence/primary-advantage-012.md	1-13	1
apps/primary-advantage	apps/primary-advantage/app/api/articles/route.ts	14	measure-jr-green/primary-advantage-012	reviewed	measure/tracks/primary_advantage_full_review_20260626/line-review/evidence/primary-advantage-012.md	1-14	1
apps/primary-advantage	apps/primary-advantage/app/api/assignments/[id]/progress/route.ts	9	measure-jr-green/primary-advantage-013	reviewed	measure/tracks/primary_advantage_full_review_20260626/line-review/evidence/primary-advantage-013.md	1-9	1
apps/primary-advantage	apps/primary-advantage/app/api/assignments/[id]/route.ts	19	measure-jr-green/primary-advantage-013	reviewed	measure/tracks/primary_advantage_full_review_20260626/line-review/evidence/primary-advantage-013.md	1-19	2
apps/primary-advantage	apps/primary-advantage/app/api/assignments/activity/[id]/route.ts	9	measure-jr-green/primary-advantage-013	reviewed	measure/tracks/primary_advantage_full_review_20260626/line-review/evidence/primary-advantage-013.md	1-9	1
apps/primary-advantage	apps/primary-advantage/app/api/assignments/route.ts	13	measure-jr-green/primary-advantage-013	reviewed	measure/tracks/primary_advantage_full_review_20260626/line-review/evidence/primary-advantage-013.md	1-13	2
apps/primary-advantage	apps/primary-advantage/app/api/assistant/lesson-chatbot/route.ts	150	measure-jr-green/primary-advantage-013	reviewed	measure/tracks/primary_advantage_full_review_20260626/line-review/evidence/primary-advantage-013.md	1-150	5
apps/primary-advantage	apps/primary-advantage/app/api/auth/impersonate/route.ts	2	measure-jr-green/primary-advantage-013	reviewed	measure/tracks/primary_advantage_full_review_20260626/line-review/evidence/primary-advantage-013.md	1-2	0
apps/primary-advantage	apps/primary-advantage/app/api/auth/login/route.ts	2	measure-jr-green/primary-advantage-013	reviewed	measure/tracks/primary_advantage_full_review_20260626/line-review/evidence/primary-advantage-013.md	1-2	0
apps/primary-advantage	apps/primary-advantage/app/api/auth/logout/route.ts	2	measure-jr-green/primary-advantage-013	reviewed	measure/tracks/primary_advantage_full_review_20260626/line-review/evidence/primary-advantage-013.md	1-2	0
apps/primary-advantage	apps/primary-advantage/app/api/auth/register/route.ts	2	measure-jr-green/primary-advantage-013	reviewed	measure/tracks/primary_advantage_full_review_20260626/line-review/evidence/primary-advantage-013.md	1-2	0
apps/primary-advantage	apps/primary-advantage/app/api/auth/reset-password/route.ts	2	measure-jr-green/primary-advantage-013	reviewed	measure/tracks/primary_advantage_full_review_20260626/line-review/evidence/primary-advantage-013.md	1-2	0
apps/primary-advantage	apps/primary-advantage/app/api/auth/session/route.ts	2	measure-jr-green/primary-advantage-014	reviewed	measure/tracks/primary_advantage_full_review_20260626/line-review/evidence/primary-advantage-014.md	1-2	0
apps/primary-advantage	apps/primary-advantage/app/api/classroom/[id]/available-students/route.ts	10	measure-jr-green/primary-advantage-014	reviewed	measure/tracks/primary_advantage_full_review_20260626/line-review/evidence/primary-advantage-014.md	1-10	0
apps/primary-advantage	apps/primary-advantage/app/api/classroom/[id]/enroll/route.ts	10	measure-jr-green/primary-advantage-014	reviewed	measure/tracks/primary_advantage_full_review_20260626/line-review/evidence/primary-advantage-014.md	1-10	0
apps/primary-advantage	apps/primary-advantage/app/api/classroom/[id]/generate-code/route.ts	11	measure-jr-green/primary-advantage-014	reviewed	measure/tracks/primary_advantage_full_review_20260626/line-review/evidence/primary-advantage-014.md	1-11	0
apps/primary-advantage	apps/primary-advantage/app/api/classroom/[id]/route.ts	66	measure-jr-green/primary-advantage-014	reviewed	measure/tracks/primary_advantage_full_review_20260626/line-review/evidence/primary-advantage-014.md	1-66	2
apps/primary-advantage	apps/primary-advantage/app/api/classroom/[id]/unenroll/route.ts	10	measure-jr-green/primary-advantage-014	reviewed	measure/tracks/primary_advantage_full_review_20260626/line-review/evidence/primary-advantage-014.md	1-10	0
apps/primary-advantage	apps/primary-advantage/app/api/classroom/route.ts	54	measure-jr-green/primary-advantage-014	reviewed	measure/tracks/primary_advantage_full_review_20260626/line-review/evidence/primary-advantage-014.md	1-54	1
apps/primary-advantage	apps/primary-advantage/app/api/classroom/students/route.ts	6	measure-jr-green/primary-advantage-014	reviewed	measure/tracks/primary_advantage_full_review_20260626/line-review/evidence/primary-advantage-014.md	1-6	0
apps/primary-advantage	apps/primary-advantage/app/api/classrooms/route.ts	120	measure-jr-green/primary-advantage-014	reviewed	measure/tracks/primary_advantage_full_review_20260626/line-review/evidence/primary-advantage-014.md	1-120	4
apps/primary-advantage	apps/primary-advantage/app/api/debug/auth/route.ts	79	measure-jr-green/primary-advantage-014	reviewed	measure/tracks/primary_advantage_full_review_20260626/line-review/evidence/primary-advantage-014.md	1-79	2
apps/primary-advantage	apps/primary-advantage/app/api/debug/init-roles/route.ts	89	measure-jr-green/primary-advantage-015	reviewed	measure/tracks/primary_advantage_full_review_20260626/line-review/evidence/primary-advantage-015.md	1-89	3
apps/primary-advantage	apps/primary-advantage/app/api/debug/school/route.ts	74	measure-jr-green/primary-advantage-015	reviewed	measure/tracks/primary_advantage_full_review_20260626/line-review/evidence/primary-advantage-015.md	1-74	4
apps/primary-advantage	apps/primary-advantage/app/api/flashcard/cards/[cardId]/review/route.ts	133	measure-jr-green/primary-advantage-015	reviewed	measure/tracks/primary_advantage_full_review_20260626/line-review/evidence/primary-advantage-015.md	1-133	5
apps/primary-advantage	apps/primary-advantage/app/api/flashcard/deck-id/route.ts	74	measure-jr-green/primary-advantage-015	reviewed	measure/tracks/primary_advantage_full_review_20260626/line-review/evidence/primary-advantage-015.md	1-74	3
apps/primary-advantage	apps/primary-advantage/app/api/flashcard/decks/[deckId]/due/route.ts	81	measure-jr-green/primary-advantage-015	reviewed	measure/tracks/primary_advantage_full_review_20260626/line-review/evidence/primary-advantage-015.md	1-81	4
apps/primary-advantage	apps/primary-advantage/app/api/flashcard/decks/[deckId]/sentences-for-cloze/route.ts	408	measure-jr-green/primary-advantage-015	reviewed	measure/tracks/primary_advantage_full_review_20260626/line-review/evidence/primary-advantage-015.md	1-408	7
apps/primary-advantage	apps/primary-advantage/app/api/flashcard/decks/[deckId]/sentences-for-matching/route.ts	324	measure-jr-green/primary-advantage-015	reviewed	measure/tracks/primary_advantage_full_review_20260626/line-review/evidence/primary-advantage-015.md	1-324	8
apps/primary-advantage	apps/primary-advantage/app/api/flashcard/decks/[deckId]/sentences-for-ordering/route.ts	229	measure-jr-green/primary-advantage-016	reviewed	measure/tracks/primary_advantage_full_review_20260626/line-review/evidence/primary-advantage-016.md	1-229	6
apps/primary-advantage	apps/primary-advantage/app/api/flashcard/decks/[deckId]/words-for-ordering/route.ts	355	measure-jr-green/primary-advantage-016	reviewed	measure/tracks/primary_advantage_full_review_20260626/line-review/evidence/primary-advantage-016.md	1-355	6
apps/primary-advantage	apps/primary-advantage/app/api/flashcard/save/[id]/route.ts	28	measure-jr-green/primary-advantage-016	reviewed	measure/tracks/primary_advantage_full_review_20260626/line-review/evidence/primary-advantage-016.md	1-28	1
apps/primary-advantage	apps/primary-advantage/app/api/lessons/[articleId]/activity/route.ts	38	measure-jr-green/primary-advantage-016	reviewed	measure/tracks/primary_advantage_full_review_20260626/line-review/evidence/primary-advantage-016.md	1-38	0
apps/primary-advantage	apps/primary-advantage/app/api/lessons/[articleId]/progress/route.ts	40	measure-jr-green/primary-advantage-016	reviewed	measure/tracks/primary_advantage_full_review_20260626/line-review/evidence/primary-advantage-016.md	1-40	0
apps/primary-advantage	apps/primary-advantage/app/api/lessons/[articleId]/route.ts	89	measure-jr-green/primary-advantage-016	reviewed	measure/tracks/primary_advantage_full_review_20260626/line-review/evidence/primary-advantage-016.md	1-89	1
apps/primary-advantage	apps/primary-advantage/app/api/licenses/[id]/route.ts	212	measure-jr-green/primary-advantage-016	reviewed	measure/tracks/primary_advantage_full_review_20260626/line-review/evidence/primary-advantage-016.md	1-212	4
apps/primary-advantage	apps/primary-advantage/app/api/licenses/route.ts	220	measure-jr-green/primary-advantage-017	reviewed	measure/tracks/primary_advantage_full_review_20260626/line-review/evidence/primary-advantage-017.md	1-220	5
apps/primary-advantage	apps/primary-advantage/app/api/schools/ranking/route.ts	80	measure-jr-green/primary-advantage-017	reviewed	measure/tracks/primary_advantage_full_review_20260626/line-review/evidence/primary-advantage-017.md	1-80	2
apps/primary-advantage	apps/primary-advantage/app/api/schools/route.ts	131	measure-jr-green/primary-advantage-017	reviewed	measure/tracks/primary_advantage_full_review_20260626/line-review/evidence/primary-advantage-017.md	1-131	3
apps/primary-advantage	apps/primary-advantage/app/api/send/route.ts	21	measure-jr-green/primary-advantage-017	reviewed	measure/tracks/primary_advantage_full_review_20260626/line-review/evidence/primary-advantage-017.md	1-21	2
apps/primary-advantage	apps/primary-advantage/app/api/students/[id]/assignments/route.ts	9	measure-jr-green/primary-advantage-017	reviewed	measure/tracks/primary_advantage_full_review_20260626/line-review/evidence/primary-advantage-017.md	1-9	1
apps/primary-advantage	apps/primary-advantage/app/api/students/[id]/route.ts	30	measure-jr-green/primary-advantage-017	reviewed	measure/tracks/primary_advantage_full_review_20260626/line-review/evidence/primary-advantage-017.md	1-30	1
apps/primary-advantage	apps/primary-advantage/app/api/students/leaderboard/route.ts	46	measure-jr-green/primary-advantage-017	reviewed	measure/tracks/primary_advantage_full_review_20260626/line-review/evidence/primary-advantage-017.md	1-46	0
apps/primary-advantage	apps/primary-advantage/app/api/students/route.ts	15	measure-jr-green/primary-advantage-017	reviewed	measure/tracks/primary_advantage_full_review_20260626/line-review/evidence/primary-advantage-017.md	1-15	0
apps/primary-advantage	apps/primary-advantage/app/api/teachers/[id]/route.ts	30	measure-jr-green/primary-advantage-017	reviewed	measure/tracks/primary_advantage_full_review_20260626/line-review/evidence/primary-advantage-017.md	1-30	0
apps/primary-advantage	apps/primary-advantage/app/api/teachers/assignments/route.ts	6	measure-jr-green/primary-advantage-017	reviewed	measure/tracks/primary_advantage_full_review_20260626/line-review/evidence/primary-advantage-017.md	1-6	1
apps/primary-advantage	apps/primary-advantage/app/api/teachers/route.ts	15	coder-minimax-m3/primary-advantage-018	reviewed	measure/tracks/primary_advantage_full_review_20260626/line-review/evidence/primary-advantage-018.md	1-15	0
apps/primary-advantage	apps/primary-advantage/app/api/upload/classes/route.ts	1074	coder-minimax-m3/primary-advantage-018	reviewed	measure/tracks/primary_advantage_full_review_20260626/line-review/evidence/primary-advantage-018.md	1-1074	9
apps/primary-advantage	apps/primary-advantage/app/api/upload/csv/cleanup/route.ts	87	coder-minimax-m3/primary-advantage-018	reviewed	measure/tracks/primary_advantage_full_review_20260626/line-review/evidence/primary-advantage-018.md	1-87	3
apps/primary-advantage	apps/primary-advantage/app/api/upload/csv/route.ts	506	coder-minimax-m3/primary-advantage-019	reviewed	measure/tracks/primary_advantage_full_review_20260626/line-review/evidence/primary-advantage-019.md	1-506	10
apps/primary-advantage	apps/primary-advantage/app/api/users/[id]/article-records/route.ts	43	coder-minimax-m3/primary-advantage-019	reviewed	measure/tracks/primary_advantage_full_review_20260626/line-review/evidence/primary-advantage-019.md	1-43	0
apps/primary-advantage	apps/primary-advantage/app/api/users/[id]/reminder-reread/route.ts	36	coder-minimax-m3/primary-advantage-019	reviewed	measure/tracks/primary_advantage_full_review_20260626/line-review/evidence/primary-advantage-019.md	1-36	0
apps/primary-advantage	apps/primary-advantage/app/api/users/[id]/route.ts	116	coder-minimax-m3/primary-advantage-019	reviewed	measure/tracks/primary_advantage_full_review_20260626/line-review/evidence/primary-advantage-019.md	1-116	3
apps/primary-advantage	apps/primary-advantage/app/api/users/activitylog/[id]/route.ts	22	coder-minimax-m3/primary-advantage-019	reviewed	measure/tracks/primary_advantage_full_review_20260626/line-review/evidence/primary-advantage-019.md	1-22	1
apps/primary-advantage	apps/primary-advantage/app/api/users/me/school/admins/[adminId]/route.ts	160	coder-minimax-m3/primary-advantage-019	reviewed	measure/tracks/primary_advantage_full_review_20260626/line-review/evidence/primary-advantage-019.md	1-160	2
apps/primary-advantage	apps/primary-advantage/app/api/users/me/school/admins/route.ts	163	coder-minimax-m3/primary-advantage-019	reviewed	measure/tracks/primary_advantage_full_review_20260626/line-review/evidence/primary-advantage-019.md	1-163	2
apps/primary-advantage	apps/primary-advantage/app/api/users/me/school/route.ts	505	coder-deepseek-v4-flash/primary-advantage-020	reviewed	measure/tracks/primary_advantage_full_review_20260626/line-review/evidence/primary-advantage-020.md	1-505	3
apps/primary-advantage	apps/primary-advantage/app/api/users/search/route.ts	70	coder-deepseek-v4-flash/primary-advantage-020	reviewed	measure/tracks/primary_advantage_full_review_20260626/line-review/evidence/primary-advantage-020.md	1-70	1
apps/primary-advantage	apps/primary-advantage/cloudbuild.yaml	84	coder-deepseek-v4-flash/primary-advantage-020	reviewed	measure/tracks/primary_advantage_full_review_20260626/line-review/evidence/primary-advantage-020.md	1-84	2
apps/primary-advantage	apps/primary-advantage/components.json	21	coder-xiaomi-mimo-v2-5-pro/primary-advantage-067	reviewed	measure/tracks/primary_advantage_full_review_20260626/line-review/evidence/primary-advantage-067.md	1-21	0
apps/primary-advantage	apps/primary-advantage/components/admin/admin-dashboard-header.tsx	127	coder-deepseek-v4-flash/primary-advantage-020	reviewed	measure/tracks/primary_advantage_full_review_20260626/line-review/evidence/primary-advantage-020.md	1-127	1
apps/primary-advantage	apps/primary-advantage/components/admin/admin-overview-charts.tsx	181	coder-deepseek-v4-flash/primary-advantage-020	reviewed	measure/tracks/primary_advantage_full_review_20260626/line-review/evidence/primary-advantage-020.md	1-181	1
apps/primary-advantage	apps/primary-advantage/components/admin/admin-quick-actions.tsx	92	coder-deepseek-v4-flash/primary-advantage-020	reviewed	measure/tracks/primary_advantage_full_review_20260626/line-review/evidence/primary-advantage-020.md	1-92	1
apps/primary-advantage	apps/primary-advantage/components/admin/admin-recent-activity.tsx	214	coder-xiaomi-mimo-v2-5-pro/primary-advantage-021	reviewed	measure/tracks/primary_advantage_full_review_20260626/line-review/evidence/primary-advantage-021.md	1-214	3
apps/primary-advantage	apps/primary-advantage/components/admin/admin-stats-cards.tsx	139	coder-xiaomi-mimo-v2-5-pro/primary-advantage-021	reviewed	measure/tracks/primary_advantage_full_review_20260626/line-review/evidence/primary-advantage-021.md	1-139	6
apps/primary-advantage	apps/primary-advantage/components/admin/article-creation.tsx	1297	coder-xiaomi-mimo-v2-5/primary-advantage-022	reviewed	measure/tracks/primary_advantage_full_review_20260626/line-review/evidence/primary-advantage-022.md	1-1297	8
apps/primary-advantage	apps/primary-advantage/components/admin/classrooms-table.tsx	585	coder-minimax-m3/primary-advantage-023	reviewed	measure/tracks/primary_advantage_full_review_20260626/line-review/evidence/primary-advantage-023.md	1-585	16
apps/primary-advantage	apps/primary-advantage/components/admin/teachers-table.tsx	945	coder-minimax-m3/primary-advantage-024	reviewed	measure/tracks/primary_advantage_full_review_20260626/line-review/evidence/primary-advantage-024.md	1-945	8
apps/primary-advantage	apps/primary-advantage/components/articles/article-card.tsx	90	coder-minimax-m3/primary-advantage-024	reviewed	measure/tracks/primary_advantage_full_review_20260626/line-review/evidence/primary-advantage-024.md	1-90	7
apps/primary-advantage	apps/primary-advantage/components/articles/article-content.tsx	1034	coder-deepseek-v4-flash/primary-advantage-025	reviewed	measure/tracks/primary_advantage_full_review_20260626/line-review/evidence/primary-advantage-025.md	1-1034	5
apps/primary-advantage	apps/primary-advantage/components/articles/article-select.tsx	130	coder-deepseek-v4-flash/primary-advantage-025	reviewed	measure/tracks/primary_advantage_full_review_20260626/line-review/evidence/primary-advantage-025.md	1-130	3
apps/primary-advantage	apps/primary-advantage/components/articles/article-showcase-card.tsx	160	coder-xiaomi-mimo-v2-5-pro/primary-advantage-026	reviewed	measure/tracks/primary_advantage_full_review_20260626/line-review/evidence/primary-advantage-026.md	1-160	0
apps/primary-advantage	apps/primary-advantage/components/articles/questions/la-question-card.tsx	90	coder-xiaomi-mimo-v2-5-pro/primary-advantage-026	reviewed	measure/tracks/primary_advantage_full_review_20260626/line-review/evidence/primary-advantage-026.md	1-90	0
apps/primary-advantage	apps/primary-advantage/components/articles/questions/la-question-content.tsx	369	coder-xiaomi-mimo-v2-5-pro/primary-advantage-026	reviewed	measure/tracks/primary_advantage_full_review_20260626/line-review/evidence/primary-advantage-026.md	1-369	7
apps/primary-advantage	apps/primary-advantage/components/articles/questions/mc-question-card.tsx	112	coder-xiaomi-mimo-v2-5-pro/primary-advantage-026	reviewed	measure/tracks/primary_advantage_full_review_20260626/line-review/evidence/primary-advantage-026.md	1-112	2
apps/primary-advantage	apps/primary-advantage/components/articles/questions/mc-question-content.tsx	251	coder-xiaomi-mimo-v2-5-pro/primary-advantage-026	reviewed	measure/tracks/primary_advantage_full_review_20260626/line-review/evidence/primary-advantage-026.md	1-251	4
apps/primary-advantage	apps/primary-advantage/components/articles/questions/question-header.tsx	71	coder-xiaomi-mimo-v2-5-pro/primary-advantage-026	reviewed	measure/tracks/primary_advantage_full_review_20260626/line-review/evidence/primary-advantage-026.md	1-71	3
apps/primary-advantage	apps/primary-advantage/components/articles/questions/retake-button.tsx	59	coder-xiaomi-mimo-v2-5-pro/primary-advantage-026	reviewed	measure/tracks/primary_advantage_full_review_20260626/line-review/evidence/primary-advantage-026.md	1-59	0
apps/primary-advantage	apps/primary-advantage/components/articles/questions/sa-question-card.tsx	105	coder-xiaomi-mimo-v2-5/primary-advantage-027	reviewed	measure/tracks/primary_advantage_full_review_20260626/line-review/evidence/primary-advantage-027.md	1-105	1
apps/primary-advantage	apps/primary-advantage/components/articles/questions/sa-question-content.tsx	212	coder-xiaomi-mimo-v2-5/primary-advantage-027	reviewed	measure/tracks/primary_advantage_full_review_20260626/line-review/evidence/primary-advantage-027.md	1-212	3
apps/primary-advantage	apps/primary-advantage/components/articles/sentence.tsx	169	coder-xiaomi-mimo-v2-5/primary-advantage-027	reviewed	measure/tracks/primary_advantage_full_review_20260626/line-review/evidence/primary-advantage-027.md	1-169	1
apps/primary-advantage	apps/primary-advantage/components/articles/word-list.tsx	189	coder-xiaomi-mimo-v2-5/primary-advantage-027	reviewed	measure/tracks/primary_advantage_full_review_20260626/line-review/evidence/primary-advantage-027.md	1-189	2
apps/primary-advantage	apps/primary-advantage/components/audio-button.tsx	84	coder-xiaomi-mimo-v2-5/primary-advantage-027	reviewed	measure/tracks/primary_advantage_full_review_20260626/line-review/evidence/primary-advantage-027.md	1-84	1
apps/primary-advantage	apps/primary-advantage/components/auth/email-forgot-password-template.tsx	13	coder-xiaomi-mimo-v2-5/primary-advantage-027	reviewed	measure/tracks/primary_advantage_full_review_20260626/line-review/evidence/primary-advantage-027.md	1-13	1
apps/primary-advantage	apps/primary-advantage/components/auth/student-signin-form.tsx	202	coder-xiaomi-mimo-v2-5/primary-advantage-027	reviewed	measure/tracks/primary_advantage_full_review_20260626/line-review/evidence/primary-advantage-027.md	1-202	2
apps/primary-advantage	apps/primary-advantage/components/auth/teacher-signin-form.tsx	155	coder-xiaomi-mimo-v2-5/primary-advantage-027	reviewed	measure/tracks/primary_advantage_full_review_20260626/line-review/evidence/primary-advantage-027.md	1-155	2
apps/primary-advantage	apps/primary-advantage/components/auth/user-reset-pass-form.tsx	105	coder-minimax-m3/primary-advantage-028	reviewed	measure/tracks/primary_advantage_full_review_20260626/line-review/evidence/primary-advantage-028.md	1-105	2
apps/primary-advantage	apps/primary-advantage/components/auth/user-signup-form.tsx	189	coder-minimax-m3/primary-advantage-028	reviewed	measure/tracks/primary_advantage_full_review_20260626/line-review/evidence/primary-advantage-028.md	1-189	3
apps/primary-advantage	apps/primary-advantage/components/change-username-form.tsx	113	coder-minimax-m3/primary-advantage-028	reviewed	measure/tracks/primary_advantage_full_review_20260626/line-review/evidence/primary-advantage-028.md	1-113	3
apps/primary-advantage	apps/primary-advantage/components/dashboard/article-records-table.tsx	294	coder-minimax-m3/primary-advantage-028	reviewed	measure/tracks/primary_advantage_full_review_20260626/line-review/evidence/primary-advantage-028.md	1-294	3
apps/primary-advantage	apps/primary-advantage/components/dashboard/class-activity-chart.tsx	307	coder-minimax-m3/primary-advantage-028	reviewed	measure/tracks/primary_advantage_full_review_20260626/line-review/evidence/primary-advantage-028.md	1-307	3
apps/primary-advantage	apps/primary-advantage/components/dashboard/reminder-reread-table.tsx	233	coder-minimax-m3/primary-advantage-029	reviewed	measure/tracks/primary_advantage_full_review_20260626/line-review/evidence/primary-advantage-029.md	1-233	4
apps/primary-advantage	apps/primary-advantage/components/dashboard/user-activity-chart.tsx	319	coder-minimax-m3/primary-advantage-029	reviewed	measure/tracks/primary_advantage_full_review_20260626/line-review/evidence/primary-advantage-029.md	1-319	7
apps/primary-advantage	apps/primary-advantage/components/dashboard/user-heatmap-chart.tsx	74	coder-minimax-m3/primary-advantage-029	reviewed	measure/tracks/primary_advantage_full_review_20260626/line-review/evidence/primary-advantage-029.md	1-74	4
apps/primary-advantage	apps/primary-advantage/components/dashboard/user-level-indicator.tsx	86	coder-minimax-m3/primary-advantage-029	reviewed	measure/tracks/primary_advantage_full_review_20260626/line-review/evidence/primary-advantage-029.md	1-86	4
apps/primary-advantage	apps/primary-advantage/components/dashboard/user-reading-chart.tsx	167	coder-minimax-m3/primary-advantage-029	reviewed	measure/tracks/primary_advantage_full_review_20260626/line-review/evidence/primary-advantage-029.md	1-167	5
apps/primary-advantage	apps/primary-advantage/components/dashboard/user-recent-activity.tsx	118	coder-minimax-m3/primary-advantage-029	reviewed	measure/tracks/primary_advantage_full_review_20260626/line-review/evidence/primary-advantage-029.md	1-118	4
apps/primary-advantage	apps/primary-advantage/components/dashboard/user-xpoverall-chart.tsx	232	coder-deepseek-v4-flash/primary-advantage-030	reviewed	measure/tracks/primary_advantage_full_review_20260626/line-review/evidence/primary-advantage-030.md	1-232	2
apps/primary-advantage	apps/primary-advantage/components/flashcards/deck-view.tsx	500	coder-deepseek-v4-flash/primary-advantage-030	reviewed	measure/tracks/primary_advantage_full_review_20260626/line-review/evidence/primary-advantage-030.md	1-500	3
apps/primary-advantage	apps/primary-advantage/components/flashcards/empty-deck.tsx	310	coder-deepseek-v4-flash/primary-advantage-030	reviewed	measure/tracks/primary_advantage_full_review_20260626/line-review/evidence/primary-advantage-030.md	1-310	1
apps/primary-advantage	apps/primary-advantage/components/flashcards/flashcard-dashboard.tsx	141	coder-deepseek-v4-flash/primary-advantage-030	reviewed	measure/tracks/primary_advantage_full_review_20260626/line-review/evidence/primary-advantage-030.md	1-141	2
apps/primary-advantage	apps/primary-advantage/components/flashcards/flashcard-game.tsx	448	coder-xiaomi-mimo-v2-5-pro/primary-advantage-031	reviewed	measure/tracks/primary_advantage_full_review_20260626/line-review/evidence/primary-advantage-031.md	1-448	4
apps/primary-advantage	apps/primary-advantage/components/form-error.tsx	15	coder-xiaomi-mimo-v2-5-pro/primary-advantage-031	reviewed	measure/tracks/primary_advantage_full_review_20260626/line-review/evidence/primary-advantage-031.md	1-15	0
apps/primary-advantage	apps/primary-advantage/components/form-success.tsx	15	coder-xiaomi-mimo-v2-5-pro/primary-advantage-031	reviewed	measure/tracks/primary_advantage_full_review_20260626/line-review/evidence/primary-advantage-031.md	1-15	0
apps/primary-advantage	apps/primary-advantage/components/go-to-top.tsx	26	coder-xiaomi-mimo-v2-5-pro/primary-advantage-031	reviewed	measure/tracks/primary_advantage_full_review_20260626/line-review/evidence/primary-advantage-031.md	1-26	0
apps/primary-advantage	apps/primary-advantage/components/header.tsx	37	coder-xiaomi-mimo-v2-5-pro/primary-advantage-031	reviewed	measure/tracks/primary_advantage_full_review_20260626/line-review/evidence/primary-advantage-031.md	1-37	0
apps/primary-advantage	apps/primary-advantage/components/icons.tsx	157	coder-xiaomi-mimo-v2-5-pro/primary-advantage-031	reviewed	measure/tracks/primary_advantage_full_review_20260626/line-review/evidence/primary-advantage-031.md	1-157	1
apps/primary-advantage	apps/primary-advantage/components/index/feature-box.tsx	22	coder-xiaomi-mimo-v2-5-pro/primary-advantage-031	reviewed	measure/tracks/primary_advantage_full_review_20260626/line-review/evidence/primary-advantage-031.md	1-22	0
apps/primary-advantage	apps/primary-advantage/components/index/footer.tsx	124	coder-xiaomi-mimo-v2-5-pro/primary-advantage-031	reviewed	measure/tracks/primary_advantage_full_review_20260626/line-review/evidence/primary-advantage-031.md	1-124	3
apps/primary-advantage	apps/primary-advantage/components/leaderboard.tsx	109	coder-xiaomi-mimo-v2-5-pro/primary-advantage-031	reviewed	measure/tracks/primary_advantage_full_review_20260626/line-review/evidence/primary-advantage-031.md	1-109	1
apps/primary-advantage	apps/primary-advantage/components/lesson/games/lesson-sentence-cloze-test.tsx	1318	coder-xiaomi-mimo-v2-5/primary-advantage-032	reviewed	measure/tracks/primary_advantage_full_review_20260626/line-review/evidence/primary-advantage-032.md	1-1318	3
apps/primary-advantage	apps/primary-advantage/components/lesson/games/lesson-sentence-flashcard.tsx	741	coder-minimax-m3/primary-advantage-033	reviewed	measure/tracks/primary_advantage_full_review_20260626/line-review/evidence/primary-advantage-033.md	1-741	10
apps/primary-advantage	apps/primary-advantage/components/lesson/games/lesson-sentence-matching.tsx	749	coder-minimax-m3/primary-advantage-034	reviewed	measure/tracks/primary_advantage_full_review_20260626/line-review/evidence/primary-advantage-034.md	1-749	9
apps/primary-advantage	apps/primary-advantage/components/lesson/games/lesson-sentence-order-word.tsx	1128	coder-deepseek-v4-flash/primary-advantage-035	reviewed	measure/tracks/primary_advantage_full_review_20260626/line-review/evidence/primary-advantage-035.md	1-1128	7
apps/primary-advantage	apps/primary-advantage/components/lesson/games/lesson-sentence-order.tsx	1036	coder-xiaomi-mimo-v2-5-pro/primary-advantage-036	reviewed	measure/tracks/primary_advantage_full_review_20260626/line-review/evidence/primary-advantage-036.md	1-1036	8
apps/primary-advantage	apps/primary-advantage/components/lesson/games/lesson-vocabulary-flashcard-card.tsx	749	coder-xiaomi-mimo-v2-5/primary-advantage-037	reviewed	measure/tracks/primary_advantage_full_review_20260626/line-review/evidence/primary-advantage-037.md	1-749	5
apps/primary-advantage	apps/primary-advantage/components/lesson/games/lesson-vocabulary-matching.tsx	736	coder-minimax-m3/primary-advantage-038	reviewed	measure/tracks/primary_advantage_full_review_20260626/line-review/evidence/primary-advantage-038.md	1-736	6
apps/primary-advantage	apps/primary-advantage/components/lesson/lesson-card.tsx	66	coder-minimax-m3/primary-advantage-038	reviewed	measure/tracks/primary_advantage_full_review_20260626/line-review/evidence/primary-advantage-038.md	1-66	3
apps/primary-advantage	apps/primary-advantage/components/lesson/lesson-language-question.tsx	365	coder-minimax-m3/primary-advantage-038	reviewed	measure/tracks/primary_advantage_full_review_20260626/line-review/evidence/primary-advantage-038.md	1-365	7
apps/primary-advantage	apps/primary-advantage/components/lesson/lesson-progress-bar.tsx	821	coder-minimax-m3/primary-advantage-039	reviewed	measure/tracks/primary_advantage_full_review_20260626/line-review/evidence/primary-advantage-039.md	1-821	12
apps/primary-advantage	apps/primary-advantage/components/lesson/pratice/lesson-task-mcq.tsx	552	coder-deepseek-v4-flash/primary-advantage-040	reviewed	measure/tracks/primary_advantage_full_review_20260626/line-review/evidence/primary-advantage-040.md	1-552	4
apps/primary-advantage	apps/primary-advantage/components/lesson/pratice/lesson-task-saq.tsx	297	coder-deepseek-v4-flash/primary-advantage-040	reviewed	measure/tracks/primary_advantage_full_review_20260626/line-review/evidence/primary-advantage-040.md	1-297	3
apps/primary-advantage	apps/primary-advantage/components/lesson/standalone-lesson-card.tsx	67	coder-deepseek-v4-flash/primary-advantage-040	reviewed	measure/tracks/primary_advantage_full_review_20260626/line-review/evidence/primary-advantage-040.md	1-67	1
apps/primary-advantage	apps/primary-advantage/components/lesson/standalone-lesson-progress-bar.tsx	668	coder-xiaomi-mimo-v2-5-pro/primary-advantage-041	reviewed	measure/tracks/primary_advantage_full_review_20260626/line-review/evidence/primary-advantage-041.md	1-668	10
apps/primary-advantage	apps/primary-advantage/components/lesson/task/index.ts	14	coder-xiaomi-mimo-v2-5-pro/primary-advantage-041	reviewed	measure/tracks/primary_advantage_full_review_20260626/line-review/evidence/primary-advantage-041.md	1-14	0
apps/primary-advantage	apps/primary-advantage/components/lesson/task/task-deep-reading.tsx	659	coder-xiaomi-mimo-v2-5/primary-advantage-042	reviewed	measure/tracks/primary_advantage_full_review_20260626/line-review/evidence/primary-advantage-042.md	1-659	9
apps/primary-advantage	apps/primary-advantage/components/lesson/task/task-first-reading.tsx	570	coder-minimax-m3/primary-advantage-043	reviewed	measure/tracks/primary_advantage_full_review_20260626/line-review/evidence/primary-advantage-043.md	1-570	6
apps/primary-advantage	apps/primary-advantage/components/lesson/task/task-introduction.tsx	139	coder-minimax-m3/primary-advantage-043	reviewed	measure/tracks/primary_advantage_full_review_20260626/line-review/evidence/primary-advantage-043.md	1-139	4
apps/primary-advantage	apps/primary-advantage/components/lesson/task/task-language-questions.tsx	65	coder-minimax-m3/primary-advantage-043	reviewed	measure/tracks/primary_advantage_full_review_20260626/line-review/evidence/primary-advantage-043.md	1-65	1
apps/primary-advantage	apps/primary-advantage/components/lesson/task/task-lesson-summary.tsx	476	coder-vocengine-ark-code-latest/primary-advantage-044	reviewed	measure/tracks/primary_advantage_full_review_20260626/line-review/evidence/primary-advantage-044.md	1-476	5
apps/primary-advantage	apps/primary-advantage/components/lesson/task/task-multiple-choice.tsx	35	coder-vocengine-ark-code-latest/primary-advantage-044	reviewed	measure/tracks/primary_advantage_full_review_20260626/line-review/evidence/primary-advantage-044.md	1-35	1
apps/primary-advantage	apps/primary-advantage/components/lesson/task/task-preview-vocabulary.tsx	186	coder-vocengine-ark-code-latest/primary-advantage-044	reviewed	measure/tracks/primary_advantage_full_review_20260626/line-review/evidence/primary-advantage-044.md	1-186	2
apps/primary-advantage	apps/primary-advantage/components/lesson/task/task-sentence-activities.tsx	371	coder-vocengine-ark-code-latest/primary-advantage-044	reviewed	measure/tracks/primary_advantage_full_review_20260626/line-review/evidence/primary-advantage-044.md	1-371	2
apps/primary-advantage	apps/primary-advantage/components/lesson/task/task-sentence-collection.tsx	194	coder-deepseek-v4-flash/primary-advantage-045	reviewed	measure/tracks/primary_advantage_full_review_20260626/line-review/evidence/primary-advantage-045.md	1-194	1
apps/primary-advantage	apps/primary-advantage/components/lesson/task/task-sentence-flashcards.tsx	34	coder-deepseek-v4-flash/primary-advantage-045	reviewed	measure/tracks/primary_advantage_full_review_20260626/line-review/evidence/primary-advantage-045.md	1-34	0
apps/primary-advantage	apps/primary-advantage/components/lesson/task/task-short-answer.tsx	34	coder-deepseek-v4-flash/primary-advantage-045	reviewed	measure/tracks/primary_advantage_full_review_20260626/line-review/evidence/primary-advantage-045.md	1-34	0
apps/primary-advantage	apps/primary-advantage/components/lesson/task/task-vocabulary-collection.tsx	182	coder-deepseek-v4-flash/primary-advantage-045	reviewed	measure/tracks/primary_advantage_full_review_20260626/line-review/evidence/primary-advantage-045.md	1-182	2
apps/primary-advantage	apps/primary-advantage/components/lesson/task/task-vocabulary-flashcards.tsx	38	coder-deepseek-v4-flash/primary-advantage-045	reviewed	measure/tracks/primary_advantage_full_review_20260626/line-review/evidence/primary-advantage-045.md	1-38	0
apps/primary-advantage	apps/primary-advantage/components/lesson/task/task-vocabulary-matching.tsx	38	coder-deepseek-v4-flash/primary-advantage-045	reviewed	measure/tracks/primary_advantage_full_review_20260626/line-review/evidence/primary-advantage-045.md	1-38	0
apps/primary-advantage	apps/primary-advantage/components/manage-tab.tsx	349	coder-deepseek-v4-flash/primary-advantage-045	reviewed	measure/tracks/primary_advantage_full_review_20260626/line-review/evidence/primary-advantage-045.md	1-349	2
apps/primary-advantage	apps/primary-advantage/components/nav/main-nav.tsx	73	coder-deepseek-v4-flash/primary-advantage-045	reviewed	measure/tracks/primary_advantage_full_review_20260626/line-review/evidence/primary-advantage-045.md	1-73	0
apps/primary-advantage	apps/primary-advantage/components/nav/mobile-nav.tsx	45	coder-deepseek-v4-flash/primary-advantage-045	reviewed	measure/tracks/primary_advantage_full_review_20260626/line-review/evidence/primary-advantage-045.md	1-45	1
apps/primary-advantage	apps/primary-advantage/components/nav/new-main-nav.tsx	43	coder-deepseek-v4-flash/primary-advantage-045	reviewed	measure/tracks/primary_advantage_full_review_20260626/line-review/evidence/primary-advantage-045.md	1-43	0
apps/primary-advantage	apps/primary-advantage/components/nav/new-mobile-nav.tsx	147	coder-xiaomi-mimo-v2-5-pro/primary-advantage-046	reviewed	measure/tracks/primary_advantage_full_review_20260626/line-review/evidence/primary-advantage-046.md	1-147	2
apps/primary-advantage	apps/primary-advantage/components/nav/sidebar-nav.tsx	283	coder-xiaomi-mimo-v2-5-pro/primary-advantage-046	reviewed	measure/tracks/primary_advantage_full_review_20260626/line-review/evidence/primary-advantage-046.md	1-283	2
apps/primary-advantage	apps/primary-advantage/components/nav/user-account-nav.tsx	169	coder-xiaomi-mimo-v2-5-pro/primary-advantage-046	reviewed	measure/tracks/primary_advantage_full_review_20260626/line-review/evidence/primary-advantage-046.md	1-169	4
apps/primary-advantage	apps/primary-advantage/components/pratice/cloze-test-game.tsx	1342	coder-xiaomi-mimo-v2-5/primary-advantage-047	reviewed	measure/tracks/primary_advantage_full_review_20260626/line-review/evidence/primary-advantage-047.md	1-1342	8
apps/primary-advantage	apps/primary-advantage/components/pratice/cloze-test-page.tsx	28	coder-minimax-m3/primary-advantage-048	reviewed	measure/tracks/primary_advantage_full_review_20260626/line-review/evidence/primary-advantage-048.md	1-28	0
apps/primary-advantage	apps/primary-advantage/components/pratice/matching-game.tsx	1126	coder-minimax-m3/primary-advantage-048	reviewed	measure/tracks/primary_advantage_full_review_20260626/line-review/evidence/primary-advantage-048.md	1-1126	4
apps/primary-advantage	apps/primary-advantage/components/pratice/matching-page.tsx	28	coder-minimax-m3/primary-advantage-048	reviewed	measure/tracks/primary_advantage_full_review_20260626/line-review/evidence/primary-advantage-048.md	1-28	0
apps/primary-advantage	apps/primary-advantage/components/pratice/order-sentences-game.tsx	1027	coder-vocengine-ark-code-latest/primary-advantage-049	reviewed	measure/tracks/primary_advantage_full_review_20260626/line-review/evidence/primary-advantage-049.md	1-1027	5
apps/primary-advantage	apps/primary-advantage/components/pratice/order-sentences-page.tsx	28	coder-vocengine-ark-code-latest/primary-advantage-049	reviewed	measure/tracks/primary_advantage_full_review_20260626/line-review/evidence/primary-advantage-049.md	1-28	0
apps/primary-advantage	apps/primary-advantage/components/pratice/order-words-game.tsx	1125	coder-minimax-m3/primary-advantage-050	reviewed	measure/tracks/primary_advantage_full_review_20260626/line-review/evidence/primary-advantage-050.md	1-1125	10
apps/primary-advantage	apps/primary-advantage/components/pratice/order-words-page.tsx	28	coder-minimax-m3/primary-advantage-050	reviewed	measure/tracks/primary_advantage_full_review_20260626/line-review/evidence/primary-advantage-050.md	1-28	0
apps/primary-advantage	apps/primary-advantage/components/progress-bar-xp.tsx	29	coder-minimax-m3/primary-advantage-050	reviewed	measure/tracks/primary_advantage_full_review_20260626/line-review/evidence/primary-advantage-050.md	1-29	2
apps/primary-advantage	apps/primary-advantage/components/providers/query-provider.tsx	17	coder-minimax-m3/primary-advantage-050	reviewed	measure/tracks/primary_advantage_full_review_20260626/line-review/evidence/primary-advantage-050.md	1-17	0
apps/primary-advantage	apps/primary-advantage/components/providers/session-provider.tsx	5	coder-deepseek-v4-flash/primary-advantage-051	reviewed	measure/tracks/primary_advantage_full_review_20260626/line-review/evidence/primary-advantage-051.md	1-5	0
apps/primary-advantage	apps/primary-advantage/components/providers/theme-provider.tsx	11	coder-deepseek-v4-flash/primary-advantage-051	reviewed	measure/tracks/primary_advantage_full_review_20260626/line-review/evidence/primary-advantage-051.md	1-11	0
apps/primary-advantage	apps/primary-advantage/components/school/add-admin-dialog.tsx	208	coder-deepseek-v4-flash/primary-advantage-051	reviewed	measure/tracks/primary_advantage_full_review_20260626/line-review/evidence/primary-advantage-051.md	1-208	1
apps/primary-advantage	apps/primary-advantage/components/school/create-school-card.tsx	37	coder-deepseek-v4-flash/primary-advantage-051	reviewed	measure/tracks/primary_advantage_full_review_20260626/line-review/evidence/primary-advantage-051.md	1-37	0
apps/primary-advantage	apps/primary-advantage/components/school/edit-school-form.tsx	235	coder-deepseek-v4-flash/primary-advantage-051	reviewed	measure/tracks/primary_advantage_full_review_20260626/line-review/evidence/primary-advantage-051.md	1-235	0
apps/primary-advantage	apps/primary-advantage/components/school/school-detail.tsx	555	coder-deepseek-v4-flash/primary-advantage-051	reviewed	measure/tracks/primary_advantage_full_review_20260626/line-review/evidence/primary-advantage-051.md	1-555	2
apps/primary-advantage	apps/primary-advantage/components/school/school-profile-form.tsx	242	coder-xiaomi-mimo-v2-5-pro/primary-advantage-052	reviewed	measure/tracks/primary_advantage_full_review_20260626/line-review/evidence/primary-advantage-052.md	1-242	2
apps/primary-advantage	apps/primary-advantage/components/shared/app-layout.tsx	95	coder-xiaomi-mimo-v2-5-pro/primary-advantage-052	reviewed	measure/tracks/primary_advantage_full_review_20260626/line-review/evidence/primary-advantage-052.md	1-95	0
apps/primary-advantage	apps/primary-advantage/components/shared/change-role.tsx	187	coder-xiaomi-mimo-v2-5-pro/primary-advantage-052	reviewed	measure/tracks/primary_advantage_full_review_20260626/line-review/evidence/primary-advantage-052.md	1-187	2
apps/primary-advantage	apps/primary-advantage/components/site-config.tsx	33	coder-xiaomi-mimo-v2-5-pro/primary-advantage-052	reviewed	measure/tracks/primary_advantage_full_review_20260626/line-review/evidence/primary-advantage-052.md	1-33	0
apps/primary-advantage	apps/primary-advantage/components/site-header.tsx	60	coder-xiaomi-mimo-v2-5-pro/primary-advantage-052	reviewed	measure/tracks/primary_advantage_full_review_20260626/line-review/evidence/primary-advantage-052.md	1-60	1
apps/primary-advantage	apps/primary-advantage/components/student-assignment-table.tsx	815	coder-xiaomi-mimo-v2-5/primary-advantage-053	reviewed	measure/tracks/primary_advantage_full_review_20260626/line-review/evidence/primary-advantage-053.md	1-815	6
apps/primary-advantage	apps/primary-advantage/components/switchers/locale-switcher.tsx	70	coder-xiaomi-mimo-v2-5/primary-advantage-053	reviewed	measure/tracks/primary_advantage_full_review_20260626/line-review/evidence/primary-advantage-053.md	1-70	0
apps/primary-advantage	apps/primary-advantage/components/switchers/theme-switcher-toggle.tsx	27	coder-xiaomi-mimo-v2-5/primary-advantage-053	reviewed	measure/tracks/primary_advantage_full_review_20260626/line-review/evidence/primary-advantage-053.md	1-27	0
apps/primary-advantage	apps/primary-advantage/components/system/create-school-dialog.tsx	54	coder-xiaomi-mimo-v2-5/primary-advantage-053	reviewed	measure/tracks/primary_advantage_full_review_20260626/line-review/evidence/primary-advantage-053.md	1-54	1
apps/primary-advantage	apps/primary-advantage/components/system/create-school-form.tsx	209	coder-xiaomi-mimo-v2-5/primary-advantage-053	reviewed	measure/tracks/primary_advantage_full_review_20260626/line-review/evidence/primary-advantage-053.md	1-209	4
apps/primary-advantage	apps/primary-advantage/components/system/edit-license-form.tsx	430	coder-vocengine-ark-code-latest/primary-advantage-054	reviewed	measure/tracks/primary_advantage_full_review_20260626/line-review/evidence/primary-advantage-054.md	1-430	3
apps/primary-advantage	apps/primary-advantage/components/system/license-table.tsx	485	coder-vocengine-ark-code-latest/primary-advantage-054	reviewed	measure/tracks/primary_advantage_full_review_20260626/line-review/evidence/primary-advantage-054.md	1-485	3
apps/primary-advantage	apps/primary-advantage/components/teacher/assign-button.tsx	92	coder-vocengine-ark-code-latest/primary-advantage-054	reviewed	measure/tracks/primary_advantage_full_review_20260626/line-review/evidence/primary-advantage-054.md	1-92	2
apps/primary-advantage	apps/primary-advantage/components/teacher/assign-form.tsx	294	coder-minimax-m3/primary-advantage-055	reviewed	measure/tracks/primary_advantage_full_review_20260626/line-review/evidence/primary-advantage-055.md	1-294	3
apps/primary-advantage	apps/primary-advantage/components/teacher/assignment-button.tsx	521	coder-minimax-m3/primary-advantage-055	reviewed	measure/tracks/primary_advantage_full_review_20260626/line-review/evidence/primary-advantage-055.md	1-521	7
apps/primary-advantage	apps/primary-advantage/components/teacher/assignment-dashboard.tsx	842	coder-deepseek-v4-flash/primary-advantage-056	reviewed	measure/tracks/primary_advantage_full_review_20260626/line-review/evidence/primary-advantage-056.md	1-842	4
apps/primary-advantage	apps/primary-advantage/components/teacher/assignments.tsx	522	coder-xiaomi-mimo-v2-5-pro/primary-advantage-057	reviewed	measure/tracks/primary_advantage_full_review_20260626/line-review/evidence/primary-advantage-057.md	1-522	4
apps/primary-advantage	apps/primary-advantage/components/teacher/class-code-generator.tsx	280	coder-xiaomi-mimo-v2-5-pro/primary-advantage-057	reviewed	measure/tracks/primary_advantage_full_review_20260626/line-review/evidence/primary-advantage-057.md	1-280	2
apps/primary-advantage	apps/primary-advantage/components/teacher/class-roster.tsx	521	coder-xiaomi-mimo-v2-5/primary-advantage-058	reviewed	measure/tracks/primary_advantage_full_review_20260626/line-review/evidence/primary-advantage-058.md	1-521	6
apps/primary-advantage	apps/primary-advantage/components/teacher/classroom-navigation.tsx	274	coder-xiaomi-mimo-v2-5/primary-advantage-058	reviewed	measure/tracks/primary_advantage_full_review_20260626/line-review/evidence/primary-advantage-058.md	1-274	0
apps/primary-advantage	apps/primary-advantage/components/teacher/classroom-selector.tsx	201	coder-xiaomi-mimo-v2-5/primary-advantage-058	reviewed	measure/tracks/primary_advantage_full_review_20260626/line-review/evidence/primary-advantage-058.md	1-201	0
apps/primary-advantage	apps/primary-advantage/components/teacher/create-classes.tsx	159	coder-xiaomi-mimo-v2-5/primary-advantage-058	reviewed	measure/tracks/primary_advantage_full_review_20260626/line-review/evidence/primary-advantage-058.md	1-159	1
apps/primary-advantage	apps/primary-advantage/components/teacher/enhanced-class-roster.tsx	689	coder-vocengine-ark-code-latest/primary-advantage-059	reviewed	measure/tracks/primary_advantage_full_review_20260626/line-review/evidence/primary-advantage-059.md	1-689	5
apps/primary-advantage	apps/primary-advantage/components/teacher/enrollment-demo.tsx	303	coder-vocengine-ark-code-latest/primary-advantage-059	reviewed	measure/tracks/primary_advantage_full_review_20260626/line-review/evidence/primary-advantage-059.md	1-303	4
apps/primary-advantage	apps/primary-advantage/components/teacher/enrollment-management.tsx	528	coder-minimax-m3/primary-advantage-060	reviewed	measure/tracks/primary_advantage_full_review_20260626/line-review/evidence/primary-advantage-060.md	1-528	9
apps/primary-advantage	apps/primary-advantage/components/teacher/my-classes.tsx	836	coder-deepseek-v4-flash/primary-advantage-061	reviewed	measure/tracks/primary_advantage_full_review_20260626/line-review/evidence/primary-advantage-061.md	1-836	7
apps/primary-advantage	apps/primary-advantage/components/teacher/my-students.tsx	426	coder-xiaomi-mimo-v2-5-pro/primary-advantage-062	reviewed	measure/tracks/primary_advantage_full_review_20260626/line-review/evidence/primary-advantage-062.md	1-426	5
apps/primary-advantage	apps/primary-advantage/components/teacher/reports.tsx	436	coder-xiaomi-mimo-v2-5-pro/primary-advantage-062	reviewed	measure/tracks/primary_advantage_full_review_20260626/line-review/evidence/primary-advantage-062.md	1-436	6
apps/primary-advantage	apps/primary-advantage/components/teacher/student-cefr-level-setter.tsx	239	coder-xiaomi-mimo-v2-5-pro/primary-advantage-062	reviewed	measure/tracks/primary_advantage_full_review_20260626/line-review/evidence/primary-advantage-062.md	1-239	3
apps/primary-advantage	apps/primary-advantage/components/teacher/student-enrollment-button.tsx	311	coder-xiaomi-mimo-v2-5/primary-advantage-063	reviewed	measure/tracks/primary_advantage_full_review_20260626/line-review/evidence/primary-advantage-063.md	1-311	2
apps/primary-advantage	apps/primary-advantage/components/teacher/student-unenrollment-button.tsx	150	coder-xiaomi-mimo-v2-5/primary-advantage-063	reviewed	measure/tracks/primary_advantage_full_review_20260626/line-review/evidence/primary-advantage-063.md	1-150	2
apps/primary-advantage	apps/primary-advantage/components/teacher/teacher-progress-reports.tsx	445	coder-xiaomi-mimo-v2-5/primary-advantage-063	reviewed	measure/tracks/primary_advantage_full_review_20260626/line-review/evidence/primary-advantage-063.md	1-445	3
apps/primary-advantage	apps/primary-advantage/components/ui/alert-dialog.tsx	157	coder-xiaomi-mimo-v2-5/primary-advantage-063	reviewed	measure/tracks/primary_advantage_full_review_20260626/line-review/evidence/primary-advantage-063.md	1-157	0
apps/primary-advantage	apps/primary-advantage/components/ui/alert.tsx	66	coder-xiaomi-mimo-v2-5/primary-advantage-063	reviewed	measure/tracks/primary_advantage_full_review_20260626/line-review/evidence/primary-advantage-063.md	1-66	0
apps/primary-advantage	apps/primary-advantage/components/ui/avatar.tsx	53	coder-xiaomi-mimo-v2-5/primary-advantage-063	reviewed	measure/tracks/primary_advantage_full_review_20260626/line-review/evidence/primary-advantage-063.md	1-53	0
apps/primary-advantage	apps/primary-advantage/components/ui/badge.tsx	60	coder-vocengine-ark-code-latest/primary-advantage-064	reviewed	measure/tracks/primary_advantage_full_review_20260626/line-review/evidence/primary-advantage-064.md	1-60	0
apps/primary-advantage	apps/primary-advantage/components/ui/button.tsx	61	coder-vocengine-ark-code-latest/primary-advantage-064	reviewed	measure/tracks/primary_advantage_full_review_20260626/line-review/evidence/primary-advantage-064.md	1-61	0
apps/primary-advantage	apps/primary-advantage/components/ui/calendar-heatmap.tsx	211	coder-vocengine-ark-code-latest/primary-advantage-064	reviewed	measure/tracks/primary_advantage_full_review_20260626/line-review/evidence/primary-advantage-064.md	1-211	1
apps/primary-advantage	apps/primary-advantage/components/ui/calendar.tsx	213	coder-vocengine-ark-code-latest/primary-advantage-064	reviewed	measure/tracks/primary_advantage_full_review_20260626/line-review/evidence/primary-advantage-064.md	1-213	0
apps/primary-advantage	apps/primary-advantage/components/ui/card.tsx	92	coder-vocengine-ark-code-latest/primary-advantage-064	reviewed	measure/tracks/primary_advantage_full_review_20260626/line-review/evidence/primary-advantage-064.md	1-92	0
apps/primary-advantage	apps/primary-advantage/components/ui/chart.tsx	353	coder-vocengine-ark-code-latest/primary-advantage-064	reviewed	measure/tracks/primary_advantage_full_review_20260626/line-review/evidence/primary-advantage-064.md	1-353	1
apps/primary-advantage	apps/primary-advantage/components/ui/checkbox.tsx	32	coder-vocengine-ark-code-latest/primary-advantage-064	reviewed	measure/tracks/primary_advantage_full_review_20260626/line-review/evidence/primary-advantage-064.md	1-32	0
apps/primary-advantage	apps/primary-advantage/components/ui/collapsible.tsx	33	coder-vocengine-ark-code-latest/primary-advantage-064	reviewed	measure/tracks/primary_advantage_full_review_20260626/line-review/evidence/primary-advantage-064.md	1-33	1
apps/primary-advantage	apps/primary-advantage/components/ui/context-menu.tsx	252	coder-minimax-m3/primary-advantage-065	reviewed	measure/tracks/primary_advantage_full_review_20260626/line-review/evidence/primary-advantage-065.md	1-252	0
apps/primary-advantage	apps/primary-advantage/components/ui/copy-button.tsx	57	coder-minimax-m3/primary-advantage-065	reviewed	measure/tracks/primary_advantage_full_review_20260626/line-review/evidence/primary-advantage-065.md	1-57	1
apps/primary-advantage	apps/primary-advantage/components/ui/dialog.tsx	140	coder-minimax-m3/primary-advantage-065	reviewed	measure/tracks/primary_advantage_full_review_20260626/line-review/evidence/primary-advantage-065.md	1-140	0
apps/primary-advantage	apps/primary-advantage/components/ui/dropdown-menu.tsx	257	coder-minimax-m3/primary-advantage-065	reviewed	measure/tracks/primary_advantage_full_review_20260626/line-review/evidence/primary-advantage-065.md	1-257	0
apps/primary-advantage	apps/primary-advantage/components/ui/form.tsx	167	coder-minimax-m3/primary-advantage-065	reviewed	measure/tracks/primary_advantage_full_review_20260626/line-review/evidence/primary-advantage-065.md	1-167	0
apps/primary-advantage	apps/primary-advantage/components/ui/input.tsx	21	coder-minimax-m3/primary-advantage-065	reviewed	measure/tracks/primary_advantage_full_review_20260626/line-review/evidence/primary-advantage-065.md	1-21	0
apps/primary-advantage	apps/primary-advantage/components/ui/label.tsx	24	coder-minimax-m3/primary-advantage-065	reviewed	measure/tracks/primary_advantage_full_review_20260626/line-review/evidence/primary-advantage-065.md	1-24	0
apps/primary-advantage	apps/primary-advantage/components/ui/popover.tsx	48	coder-minimax-m3/primary-advantage-065	reviewed	measure/tracks/primary_advantage_full_review_20260626/line-review/evidence/primary-advantage-065.md	1-48	0
apps/primary-advantage	apps/primary-advantage/components/ui/progress.tsx	31	coder-minimax-m3/primary-advantage-065	reviewed	measure/tracks/primary_advantage_full_review_20260626/line-review/evidence/primary-advantage-065.md	1-31	0
apps/primary-advantage	apps/primary-advantage/components/ui/radio-group.tsx	45	coder-minimax-m3/primary-advantage-065	reviewed	measure/tracks/primary_advantage_full_review_20260626/line-review/evidence/primary-advantage-065.md	1-45	0
apps/primary-advantage	apps/primary-advantage/components/ui/rating.tsx	239	coder-deepseek-v4-flash/primary-advantage-066	reviewed	measure/tracks/primary_advantage_full_review_20260626/line-review/evidence/primary-advantage-066.md	1-239	2
apps/primary-advantage	apps/primary-advantage/components/ui/scroll-area.tsx	58	coder-deepseek-v4-flash/primary-advantage-066	reviewed	measure/tracks/primary_advantage_full_review_20260626/line-review/evidence/primary-advantage-066.md	1-58	0
apps/primary-advantage	apps/primary-advantage/components/ui/select.tsx	185	coder-deepseek-v4-flash/primary-advantage-066	reviewed	measure/tracks/primary_advantage_full_review_20260626/line-review/evidence/primary-advantage-066.md	1-185	0
apps/primary-advantage	apps/primary-advantage/components/ui/separator.tsx	28	coder-deepseek-v4-flash/primary-advantage-066	reviewed	measure/tracks/primary_advantage_full_review_20260626/line-review/evidence/primary-advantage-066.md	1-28	0
apps/primary-advantage	apps/primary-advantage/components/ui/sheet.tsx	139	coder-deepseek-v4-flash/primary-advantage-066	reviewed	measure/tracks/primary_advantage_full_review_20260626/line-review/evidence/primary-advantage-066.md	1-139	0
apps/primary-advantage	apps/primary-advantage/components/ui/sidebar.tsx	726	coder-xiaomi-mimo-v2-5-pro/primary-advantage-067	reviewed	measure/tracks/primary_advantage_full_review_20260626/line-review/evidence/primary-advantage-067.md	1-726	0
apps/primary-advantage	apps/primary-advantage/components/ui/skeleton.tsx	13	coder-xiaomi-mimo-v2-5-pro/primary-advantage-067	reviewed	measure/tracks/primary_advantage_full_review_20260626/line-review/evidence/primary-advantage-067.md	1-13	0
apps/primary-advantage	apps/primary-advantage/components/ui/sonner.tsx	25	coder-xiaomi-mimo-v2-5-pro/primary-advantage-067	reviewed	measure/tracks/primary_advantage_full_review_20260626/line-review/evidence/primary-advantage-067.md	1-25	0
apps/primary-advantage	apps/primary-advantage/components/ui/table.tsx	116	coder-xiaomi-mimo-v2-5-pro/primary-advantage-067	reviewed	measure/tracks/primary_advantage_full_review_20260626/line-review/evidence/primary-advantage-067.md	1-116	0
apps/primary-advantage	apps/primary-advantage/components/ui/tabs.tsx	66	coder-xiaomi-mimo-v2-5-pro/primary-advantage-067	reviewed	measure/tracks/primary_advantage_full_review_20260626/line-review/evidence/primary-advantage-067.md	1-66	0
apps/primary-advantage	apps/primary-advantage/components/ui/textarea.tsx	18	coder-xiaomi-mimo-v2-5-pro/primary-advantage-067	reviewed	measure/tracks/primary_advantage_full_review_20260626/line-review/evidence/primary-advantage-067.md	1-18	0
apps/primary-advantage	apps/primary-advantage/components/ui/tooltip.tsx	61	coder-xiaomi-mimo-v2-5-pro/primary-advantage-067	reviewed	measure/tracks/primary_advantage_full_review_20260626/line-review/evidence/primary-advantage-067.md	1-61	0
apps/primary-advantage	apps/primary-advantage/components/update-user-license.tsx	126	coder-xiaomi-mimo-v2-5-pro/primary-advantage-067	reviewed	measure/tracks/primary_advantage_full_review_20260626/line-review/evidence/primary-advantage-067.md	1-126	4
apps/primary-advantage	apps/primary-advantage/components/user-avatar.tsx	26	coder-xiaomi-mimo-v2-5-pro/primary-advantage-067	reviewed	measure/tracks/primary_advantage_full_review_20260626/line-review/evidence/primary-advantage-067.md	1-26	0
apps/primary-advantage	apps/primary-advantage/configs/admin-page-config.ts	116	coder-xiaomi-mimo-v2-5/primary-advantage-068	reviewed	measure/tracks/primary_advantage_full_review_20260626/line-review/evidence/primary-advantage-068.md	1-116	1
apps/primary-advantage	apps/primary-advantage/configs/index-page-config.ts	26	coder-xiaomi-mimo-v2-5/primary-advantage-068	reviewed	measure/tracks/primary_advantage_full_review_20260626/line-review/evidence/primary-advantage-068.md	1-26	0
apps/primary-advantage	apps/primary-advantage/configs/settings-page-config.ts	22	coder-xiaomi-mimo-v2-5/primary-advantage-068	reviewed	measure/tracks/primary_advantage_full_review_20260626/line-review/evidence/primary-advantage-068.md	1-22	0
apps/primary-advantage	apps/primary-advantage/configs/site-config.ts	34	coder-xiaomi-mimo-v2-5/primary-advantage-068	reviewed	measure/tracks/primary_advantage_full_review_20260626/line-review/evidence/primary-advantage-068.md	1-34	0
apps/primary-advantage	apps/primary-advantage/configs/student-page-config.ts	75	coder-xiaomi-mimo-v2-5/primary-advantage-068	reviewed	measure/tracks/primary_advantage_full_review_20260626/line-review/evidence/primary-advantage-068.md	1-75	0
apps/primary-advantage	apps/primary-advantage/configs/system-page-config.ts	48	coder-xiaomi-mimo-v2-5/primary-advantage-068	reviewed	measure/tracks/primary_advantage_full_review_20260626/line-review/evidence/primary-advantage-068.md	1-48	0
apps/primary-advantage	apps/primary-advantage/configs/teacher-page-config.ts	110	coder-xiaomi-mimo-v2-5/primary-advantage-068	reviewed	measure/tracks/primary_advantage_full_review_20260626/line-review/evidence/primary-advantage-068.md	1-110	0
apps/primary-advantage	apps/primary-advantage/contexts/question-context.tsx	42	coder-xiaomi-mimo-v2-5/primary-advantage-068	reviewed	measure/tracks/primary_advantage_full_review_20260626/line-review/evidence/primary-advantage-068.md	1-42	0
apps/primary-advantage	apps/primary-advantage/data/A0-story-example.json	949	coder-vocengine-ark-code-latest/primary-advantage-069	reviewed	measure/tracks/primary_advantage_full_review_20260626/line-review/evidence/primary-advantage-069.md	1-949	1
apps/primary-advantage	apps/primary-advantage/data/A1-story-example.json	699	coder-minimax-m3/primary-advantage-070	reviewed	measure/tracks/primary_advantage_full_review_20260626/line-review/evidence/primary-advantage-070.md	1-699	2
apps/primary-advantage	apps/primary-advantage/data/A2-story-example.json	858	coder-deepseek-v4-flash/primary-advantage-071	reviewed	measure/tracks/primary_advantage_full_review_20260626/line-review/evidence/primary-advantage-071.md	1-858	1
apps/primary-advantage	apps/primary-advantage/data/audios/articles/temp.mp3	3712	coder-xiaomi-mimo-v2-5-pro/primary-advantage-072	reviewed	measure/tracks/primary_advantage_full_review_20260626/line-review/evidence/primary-advantage-072.md	1-3712	2
apps/primary-advantage	apps/primary-advantage/data/audios/sentences/temp.mp3	3712	coder-xiaomi-mimo-v2-5/primary-advantage-073	reviewed	measure/tracks/primary_advantage_full_review_20260626/line-review/evidence/primary-advantage-073.md	1-3712	2
apps/primary-advantage	apps/primary-advantage/data/audios/words/temp.mp3	3712	coder-vocengine-ark-code-latest/primary-advantage-074	reviewed	measure/tracks/primary_advantage_full_review_20260626/line-review/evidence/primary-advantage-074.md	1-3712	2
apps/primary-advantage	apps/primary-advantage/data/cefr-article-prompts.json	72	coder-minimax-m3/primary-advantage-075	reviewed	measure/tracks/primary_advantage_full_review_20260626/line-review/evidence/primary-advantage-075.md	1-72	2
apps/primary-advantage	apps/primary-advantage/data/cefr-level-evaluation-prompts.json	26	coder-minimax-m3/primary-advantage-075	reviewed	measure/tracks/primary_advantage_full_review_20260626/line-review/evidence/primary-advantage-075.md	1-26	2
apps/primary-advantage	apps/primary-advantage/data/db.json	15	coder-minimax-m3/primary-advantage-075	reviewed	measure/tracks/primary_advantage_full_review_20260626/line-review/evidence/primary-advantage-075.md	1-15	1
apps/primary-advantage	apps/primary-advantage/data/genres.json	180	coder-minimax-m3/primary-advantage-075	reviewed	measure/tracks/primary_advantage_full_review_20260626/line-review/evidence/primary-advantage-075.md	1-180	0
apps/primary-advantage	apps/primary-advantage/data/images/temp.jpg	0	coder-minimax-m3/primary-advantage-075	reviewed	measure/tracks/primary_advantage_full_review_20260626/line-review/evidence/primary-advantage-075.md	1-0	1
apps/primary-advantage	apps/primary-advantage/data/level-test.json	382	coder-minimax-m3/primary-advantage-075	reviewed	measure/tracks/primary_advantage_full_review_20260626/line-review/evidence/primary-advantage-075.md	1-382	2
apps/primary-advantage	apps/primary-advantage/data/new-article-prompts.json	40	coder-minimax-m3/primary-advantage-075	reviewed	measure/tracks/primary_advantage_full_review_20260626/line-review/evidence/primary-advantage-075.md	1-40	1
apps/primary-advantage	apps/primary-advantage/data/new-level-evaluation-prompts.json	30	coder-minimax-m3/primary-advantage-075	reviewed	measure/tracks/primary_advantage_full_review_20260626/line-review/evidence/primary-advantage-075.md	1-30	0
apps/primary-advantage	apps/primary-advantage/data/prompts-ai.ts	196	coder-minimax-m3/primary-advantage-075	reviewed	measure/tracks/primary_advantage_full_review_20260626/line-review/evidence/primary-advantage-075.md	1-196	1
apps/primary-advantage	apps/primary-advantage/data/prompts-combined-LA.json	67	coder-minimax-m3/primary-advantage-075	reviewed	measure/tracks/primary_advantage_full_review_20260626/line-review/evidence/primary-advantage-075.md	1-67	2
apps/primary-advantage	apps/primary-advantage/data/prompts-combined-MC.json	66	coder-deepseek-v4-flash/primary-advantage-076	reviewed	measure/tracks/primary_advantage_full_review_20260626/line-review/evidence/primary-advantage-076.md	1-66	0
apps/primary-advantage	apps/primary-advantage/data/prompts-combined-SA.json	66	coder-deepseek-v4-flash/primary-advantage-076	reviewed	measure/tracks/primary_advantage_full_review_20260626/line-review/evidence/primary-advantage-076.md	1-66	0
apps/primary-advantage	apps/primary-advantage/data/prompts-feedback-user-LA.json	3	coder-deepseek-v4-flash/primary-advantage-076	reviewed	measure/tracks/primary_advantage_full_review_20260626/line-review/evidence/primary-advantage-076.md	1-3	0
apps/primary-advantage	apps/primary-advantage/data/prompts-feedback-user-SA.json	3	coder-deepseek-v4-flash/primary-advantage-076	reviewed	measure/tracks/primary_advantage_full_review_20260626/line-review/evidence/primary-advantage-076.md	1-3	0
apps/primary-advantage	apps/primary-advantage/data/story-prompts.json	36	coder-deepseek-v4-flash/primary-advantage-076	reviewed	measure/tracks/primary_advantage_full_review_20260626/line-review/evidence/primary-advantage-076.md	1-36	0
apps/primary-advantage	apps/primary-advantage/data/story-schema.ts	179	coder-deepseek-v4-flash/primary-advantage-076	reviewed	measure/tracks/primary_advantage_full_review_20260626/line-review/evidence/primary-advantage-076.md	1-179	1
apps/primary-advantage	apps/primary-advantage/data/title-a0.json	609	coder-deepseek-v4-flash/primary-advantage-076	reviewed	measure/tracks/primary_advantage_full_review_20260626/line-review/evidence/primary-advantage-076.md	1-609	0
apps/primary-advantage	apps/primary-advantage/data/title-a1.json	609	coder-xiaomi-mimo-v2-5-pro/primary-advantage-077	reviewed	measure/tracks/primary_advantage_full_review_20260626/line-review/evidence/primary-advantage-077.md	1-609	4
apps/primary-advantage	apps/primary-advantage/data/title-a2.json	609	coder-xiaomi-mimo-v2-5/primary-advantage-078	reviewed	measure/tracks/primary_advantage_full_review_20260626/line-review/evidence/primary-advantage-078.md	1-609	0
apps/primary-advantage	apps/primary-advantage/data/whats-my-level-mean.json	58	coder-xiaomi-mimo-v2-5/primary-advantage-078	reviewed	measure/tracks/primary_advantage_full_review_20260626/line-review/evidence/primary-advantage-078.md	1-58	0
apps/primary-advantage	apps/primary-advantage/eslint.config.mjs	10	coder-xiaomi-mimo-v2-5/primary-advantage-078	reviewed	measure/tracks/primary_advantage_full_review_20260626/line-review/evidence/primary-advantage-078.md	1-10	1
apps/primary-advantage	apps/primary-advantage/hooks/use-current-role.ts	8	coder-xiaomi-mimo-v2-5/primary-advantage-078	reviewed	measure/tracks/primary_advantage_full_review_20260626/line-review/evidence/primary-advantage-078.md	1-8	0
apps/primary-advantage	apps/primary-advantage/hooks/use-current-user.ts	12	coder-xiaomi-mimo-v2-5/primary-advantage-078	reviewed	measure/tracks/primary_advantage_full_review_20260626/line-review/evidence/primary-advantage-078.md	1-12	0
apps/primary-advantage	apps/primary-advantage/hooks/use-layout.tsx	160	coder-xiaomi-mimo-v2-5/primary-advantage-078	reviewed	measure/tracks/primary_advantage_full_review_20260626/line-review/evidence/primary-advantage-078.md	1-160	0
apps/primary-advantage	apps/primary-advantage/hooks/use-lock-body.ts	12	coder-xiaomi-mimo-v2-5/primary-advantage-078	reviewed	measure/tracks/primary_advantage_full_review_20260626/line-review/evidence/primary-advantage-078.md	1-12	0
apps/primary-advantage	apps/primary-advantage/hooks/use-mobile.ts	19	coder-xiaomi-mimo-v2-5/primary-advantage-078	reviewed	measure/tracks/primary_advantage_full_review_20260626/line-review/evidence/primary-advantage-078.md	1-19	0
apps/primary-advantage	apps/primary-advantage/hooks/use-permissions.ts	119	coder-xiaomi-mimo-v2-5/primary-advantage-078	reviewed	measure/tracks/primary_advantage_full_review_20260626/line-review/evidence/primary-advantage-078.md	1-119	0
apps/primary-advantage	apps/primary-advantage/i18n/navigation.ts	7	coder-xiaomi-mimo-v2-5/primary-advantage-078	reviewed	measure/tracks/primary_advantage_full_review_20260626/line-review/evidence/primary-advantage-078.md	1-7	0
apps/primary-advantage	apps/primary-advantage/i18n/request.ts	16	coder-vocengine-ark-code-latest/primary-advantage-079	reviewed	measure/tracks/primary_advantage_full_review_20260626/line-review/evidence/primary-advantage-079.md	1-16	0
apps/primary-advantage	apps/primary-advantage/i18n/routing.ts	9	coder-vocengine-ark-code-latest/primary-advantage-079	reviewed	measure/tracks/primary_advantage_full_review_20260626/line-review/evidence/primary-advantage-079.md	1-9	0
apps/primary-advantage	apps/primary-advantage/lib/__tests__/utils.test.ts	198	coder-vocengine-ark-code-latest/primary-advantage-079	reviewed	measure/tracks/primary_advantage_full_review_20260626/line-review/evidence/primary-advantage-079.md	1-198	0
apps/primary-advantage	apps/primary-advantage/lib/calculateLevel.ts	52	coder-vocengine-ark-code-latest/primary-advantage-079	reviewed	measure/tracks/primary_advantage_full_review_20260626/line-review/evidence/primary-advantage-079.md	1-52	1
apps/primary-advantage	apps/primary-advantage/lib/events.ts	33	coder-vocengine-ark-code-latest/primary-advantage-079	reviewed	measure/tracks/primary_advantage_full_review_20260626/line-review/evidence/primary-advantage-079.md	1-33	1
apps/primary-advantage	apps/primary-advantage/lib/fsrs-service.ts	197	coder-vocengine-ark-code-latest/primary-advantage-079	reviewed	measure/tracks/primary_advantage_full_review_20260626/line-review/evidence/primary-advantage-079.md	1-197	1
apps/primary-advantage	apps/primary-advantage/lib/get-query-client.ts	25	coder-vocengine-ark-code-latest/primary-advantage-079	reviewed	measure/tracks/primary_advantage_full_review_20260626/line-review/evidence/primary-advantage-079.md	1-25	0
apps/primary-advantage	apps/primary-advantage/lib/permissions.ts	232	coder-vocengine-ark-code-latest/primary-advantage-079	reviewed	measure/tracks/primary_advantage_full_review_20260626/line-review/evidence/primary-advantage-079.md	1-232	2
apps/primary-advantage	apps/primary-advantage/lib/session.ts	21	coder-vocengine-ark-code-latest/primary-advantage-079	reviewed	measure/tracks/primary_advantage_full_review_20260626/line-review/evidence/primary-advantage-079.md	1-21	0
apps/primary-advantage	apps/primary-advantage/lib/storage-config.ts	42	coder-vocengine-ark-code-latest/primary-advantage-079	reviewed	measure/tracks/primary_advantage_full_review_20260626/line-review/evidence/primary-advantage-079.md	1-42	1
apps/primary-advantage	apps/primary-advantage/lib/test.ts	13	coder-minimax-m3/primary-advantage-080	reviewed	measure/tracks/primary_advantage_full_review_20260626/line-review/evidence/primary-advantage-080.md	1-13	0
apps/primary-advantage	apps/primary-advantage/lib/utils.ts	122	coder-minimax-m3/primary-advantage-080	reviewed	measure/tracks/primary_advantage_full_review_20260626/line-review/evidence/primary-advantage-080.md	1-122	2
apps/primary-advantage	apps/primary-advantage/lib/zod.ts	466	coder-minimax-m3/primary-advantage-080	reviewed	measure/tracks/primary_advantage_full_review_20260626/line-review/evidence/primary-advantage-080.md	1-466	2
apps/primary-advantage	apps/primary-advantage/messages/cn.json	2655	coder-deepseek-v4-flash/primary-advantage-081	reviewed	measure/tracks/primary_advantage_full_review_20260626/line-review/evidence/primary-advantage-081.md	1-2655	2
apps/primary-advantage	apps/primary-advantage/messages/en.json	2657	coder-xiaomi-mimo-v2-5-pro/primary-advantage-082	reviewed	measure/tracks/primary_advantage_full_review_20260626/line-review/evidence/primary-advantage-082.md	1-2657	8
apps/primary-advantage	apps/primary-advantage/messages/th.json	2659	coder-xiaomi-mimo-v2-5/primary-advantage-083	reviewed	measure/tracks/primary_advantage_full_review_20260626/line-review/evidence/primary-advantage-083.md	1-2659	4
apps/primary-advantage	apps/primary-advantage/messages/tw.json	2655	coder-vocengine-ark-code-latest/primary-advantage-084	reviewed	measure/tracks/primary_advantage_full_review_20260626/line-review/evidence/primary-advantage-084.md	1-2655	2
apps/primary-advantage	apps/primary-advantage/messages/vi.json	2657	coder-minimax-m3/primary-advantage-085	reviewed	measure/tracks/primary_advantage_full_review_20260626/line-review/evidence/primary-advantage-085.md	1-2657	4
apps/primary-advantage	apps/primary-advantage/next-env.d.ts	6	coder-deepseek-v4-flash/primary-advantage-086	reviewed	measure/tracks/primary_advantage_full_review_20260626/line-review/evidence/primary-advantage-086.md	1-6	0
apps/primary-advantage	apps/primary-advantage/next.config.ts	21	coder-deepseek-v4-flash/primary-advantage-086	reviewed	measure/tracks/primary_advantage_full_review_20260626/line-review/evidence/primary-advantage-086.md	1-21	2
apps/primary-advantage	apps/primary-advantage/package.json	112	coder-deepseek-v4-flash/primary-advantage-086	reviewed	measure/tracks/primary_advantage_full_review_20260626/line-review/evidence/primary-advantage-086.md	1-112	3
apps/primary-advantage	apps/primary-advantage/postcss.config.mjs	7	coder-deepseek-v4-flash/primary-advantage-086	reviewed	measure/tracks/primary_advantage_full_review_20260626/line-review/evidence/primary-advantage-086.md	1-7	0
apps/primary-advantage	apps/primary-advantage/proxy.ts	121	coder-deepseek-v4-flash/primary-advantage-086	reviewed	measure/tracks/primary_advantage_full_review_20260626/line-review/evidence/primary-advantage-086.md	1-121	1
apps/primary-advantage	apps/primary-advantage/public/96x96_yellow_stroke_icon@1x.png	16	coder-deepseek-v4-flash/primary-advantage-086	reviewed	measure/tracks/primary_advantage_full_review_20260626/line-review/evidence/primary-advantage-086.md	1-16	0
apps/primary-advantage	apps/primary-advantage/public/favicon.ico	77	coder-deepseek-v4-flash/primary-advantage-086	reviewed	measure/tracks/primary_advantage_full_review_20260626/line-review/evidence/primary-advantage-086.md	1-77	0
apps/primary-advantage	apps/primary-advantage/public/file.svg	1	coder-deepseek-v4-flash/primary-advantage-086	reviewed	measure/tracks/primary_advantage_full_review_20260626/line-review/evidence/primary-advantage-086.md	1-1	0
apps/primary-advantage	apps/primary-advantage/public/globe.svg	1	coder-deepseek-v4-flash/primary-advantage-086	reviewed	measure/tracks/primary_advantage_full_review_20260626/line-review/evidence/primary-advantage-086.md	1-1	0
apps/primary-advantage	apps/primary-advantage/public/login-image.png	11589	coder-xiaomi-mimo-v2-5-pro/primary-advantage-087	reviewed	measure/tracks/primary_advantage_full_review_20260626/line-review/evidence/primary-advantage-087.md	1-11589	3
apps/primary-advantage	apps/primary-advantage/public/next.svg	1	coder-xiaomi-mimo-v2-5/primary-advantage-088	reviewed	measure/tracks/primary_advantage_full_review_20260626/line-review/evidence/primary-advantage-088.md	1-1	0
apps/primary-advantage	apps/primary-advantage/public/nopic.png	82	coder-xiaomi-mimo-v2-5/primary-advantage-088	reviewed	measure/tracks/primary_advantage_full_review_20260626/line-review/evidence/primary-advantage-088.md	1-82	0
apps/primary-advantage	apps/primary-advantage/public/primary-advantage.png	365	coder-xiaomi-mimo-v2-5/primary-advantage-088	reviewed	measure/tracks/primary_advantage_full_review_20260626/line-review/evidence/primary-advantage-088.md	1-365	0
apps/primary-advantage	apps/primary-advantage/public/rank-1.png	162	coder-xiaomi-mimo-v2-5/primary-advantage-088	reviewed	measure/tracks/primary_advantage_full_review_20260626/line-review/evidence/primary-advantage-088.md	1-162	0
apps/primary-advantage	apps/primary-advantage/public/rank-2.png	206	coder-xiaomi-mimo-v2-5/primary-advantage-088	reviewed	measure/tracks/primary_advantage_full_review_20260626/line-review/evidence/primary-advantage-088.md	1-206	0
apps/primary-advantage	apps/primary-advantage/public/rank-3.png	234	coder-xiaomi-mimo-v2-5/primary-advantage-088	reviewed	measure/tracks/primary_advantage_full_review_20260626/line-review/evidence/primary-advantage-088.md	1-234	0
apps/primary-advantage	apps/primary-advantage/public/vercel.svg	1	coder-xiaomi-mimo-v2-5/primary-advantage-088	reviewed	measure/tracks/primary_advantage_full_review_20260626/line-review/evidence/primary-advantage-088.md	1-1	0
apps/primary-advantage	apps/primary-advantage/public/window.svg	1	coder-xiaomi-mimo-v2-5/primary-advantage-088	reviewed	measure/tracks/primary_advantage_full_review_20260626/line-review/evidence/primary-advantage-088.md	1-1	0
apps/primary-advantage	apps/primary-advantage/server/controllers/articleController.ts	297	coder-vocengine-ark-code-latest/primary-advantage-089	reviewed	measure/tracks/primary_advantage_full_review_20260626/line-review/evidence/primary-advantage-089.md	1-297	1
apps/primary-advantage	apps/primary-advantage/server/controllers/assignmentController.ts	398	coder-vocengine-ark-code-latest/primary-advantage-089	reviewed	measure/tracks/primary_advantage_full_review_20260626/line-review/evidence/primary-advantage-089.md	1-398	2
apps/primary-advantage	apps/primary-advantage/server/controllers/classroomController.ts	415	coder-vocengine-ark-code-latest/primary-advantage-089	reviewed	measure/tracks/primary_advantage_full_review_20260626/line-review/evidence/primary-advantage-089.md	1-415	2
apps/primary-advantage	apps/primary-advantage/server/controllers/schoolController.ts	40	coder-vocengine-ark-code-latest/primary-advantage-089	reviewed	measure/tracks/primary_advantage_full_review_20260626/line-review/evidence/primary-advantage-089.md	1-40	1
apps/primary-advantage	apps/primary-advantage/server/controllers/studentController.ts	351	coder-minimax-m3/primary-advantage-090	reviewed	measure/tracks/primary_advantage_full_review_20260626/line-review/evidence/primary-advantage-090.md	1-351	6
apps/primary-advantage	apps/primary-advantage/server/controllers/teacherController.ts	340	coder-minimax-m3/primary-advantage-090	reviewed	measure/tracks/primary_advantage_full_review_20260626/line-review/evidence/primary-advantage-090.md	1-340	7
apps/primary-advantage	apps/primary-advantage/server/controllers/userController.ts	106	coder-minimax-m3/primary-advantage-090	reviewed	measure/tracks/primary_advantage_full_review_20260626/line-review/evidence/primary-advantage-090.md	1-106	5
apps/primary-advantage	apps/primary-advantage/server/models/__tests__/helpers/testDb.smoke.test.ts	40	coder-minimax-m3/primary-advantage-090	reviewed	measure/tracks/primary_advantage_full_review_20260626/line-review/evidence/primary-advantage-090.md	1-40	0
apps/primary-advantage	apps/primary-advantage/server/models/__tests__/helpers/testDb.ts	202	coder-minimax-m3/primary-advantage-090	reviewed	measure/tracks/primary_advantage_full_review_20260626/line-review/evidence/primary-advantage-090.md	1-202	0
apps/primary-advantage	apps/primary-advantage/server/models/__tests__/siblingModels.behavior.test.ts	122	coder-minimax-m3/primary-advantage-090	reviewed	measure/tracks/primary_advantage_full_review_20260626/line-review/evidence/primary-advantage-090.md	1-122	0
apps/primary-advantage	apps/primary-advantage/server/models/__tests__/studentModel.pagination.test.ts	138	coder-deepseek-v4-flash/primary-advantage-091	reviewed	measure/tracks/primary_advantage_full_review_20260626/line-review/evidence/primary-advantage-091.md	1-138	0
apps/primary-advantage	apps/primary-advantage/server/models/articleModel.ts	812	coder-deepseek-v4-flash/primary-advantage-091	reviewed	measure/tracks/primary_advantage_full_review_20260626/line-review/evidence/primary-advantage-091.md	1-812	6
apps/primary-advantage	apps/primary-advantage/server/models/assignmentModel.ts	479	coder-xiaomi-mimo-v2-5-pro/primary-advantage-092	reviewed	measure/tracks/primary_advantage_full_review_20260626/line-review/evidence/primary-advantage-092.md	1-479	11
apps/primary-advantage	apps/primary-advantage/server/models/classroomModel.ts	1044	coder-xiaomi-mimo-v2-5/primary-advantage-093	reviewed	measure/tracks/primary_advantage_full_review_20260626/line-review/evidence/primary-advantage-093.md	1-1044	15
apps/primary-advantage	apps/primary-advantage/server/models/lessonModel.ts	224	coder-vocengine-ark-code-latest/primary-advantage-094	reviewed	measure/tracks/primary_advantage_full_review_20260626/line-review/evidence/primary-advantage-094.md	1-224	3
apps/primary-advantage	apps/primary-advantage/server/models/schoolModel.ts	389	coder-vocengine-ark-code-latest/primary-advantage-094	reviewed	measure/tracks/primary_advantage_full_review_20260626/line-review/evidence/primary-advantage-094.md	1-389	4
apps/primary-advantage	apps/primary-advantage/server/models/studentModel.ts	669	coder-minimax-m3/primary-advantage-095	reviewed	measure/tracks/primary_advantage_full_review_20260626/line-review/evidence/primary-advantage-095.md	1-669	10
apps/primary-advantage	apps/primary-advantage/server/models/teacherModel.ts	912	coder-deepseek-v4-flash/primary-advantage-096	reviewed	measure/tracks/primary_advantage_full_review_20260626/line-review/evidence/primary-advantage-096.md	1-912	5
apps/primary-advantage	apps/primary-advantage/server/models/userModel.ts	596	coder-xiaomi-mimo-v2-5-pro/primary-advantage-097	reviewed	measure/tracks/primary_advantage_full_review_20260626/line-review/evidence/primary-advantage-097.md	1-596	5
apps/primary-advantage	apps/primary-advantage/server/utils/assistant.ts	147	coder-xiaomi-mimo-v2-5-pro/primary-advantage-097	reviewed	measure/tracks/primary_advantage_full_review_20260626/line-review/evidence/primary-advantage-097.md	1-147	2
apps/primary-advantage	apps/primary-advantage/server/utils/auth.ts	250	coder-xiaomi-mimo-v2-5-pro/primary-advantage-097	reviewed	measure/tracks/primary_advantage_full_review_20260626/line-review/evidence/primary-advantage-097.md	1-250	2
apps/primary-advantage	apps/primary-advantage/server/utils/constants.ts	34	coder-xiaomi-mimo-v2-5-pro/primary-advantage-097	reviewed	measure/tracks/primary_advantage_full_review_20260626/line-review/evidence/primary-advantage-097.md	1-34	0
apps/primary-advantage	apps/primary-advantage/server/utils/genaretors/__tests__/new-generator.caller.test.ts	80	coder-xiaomi-mimo-v2-5-pro/primary-advantage-097	reviewed	measure/tracks/primary_advantage_full_review_20260626/line-review/evidence/primary-advantage-097.md	1-80	0
apps/primary-advantage	apps/primary-advantage/server/utils/genaretors/__tests__/new-generator.test.ts	215	coder-xiaomi-mimo-v2-5/primary-advantage-098	reviewed	measure/tracks/primary_advantage_full_review_20260626/line-review/evidence/primary-advantage-098.md	1-215	0
apps/primary-advantage	apps/primary-advantage/server/utils/genaretors/article-generator.ts	88	coder-xiaomi-mimo-v2-5/primary-advantage-098	reviewed	measure/tracks/primary_advantage_full_review_20260626/line-review/evidence/primary-advantage-098.md	1-88	4
apps/primary-advantage	apps/primary-advantage/server/utils/genaretors/audio-flashcard-generator.ts	314	coder-xiaomi-mimo-v2-5/primary-advantage-098	reviewed	measure/tracks/primary_advantage_full_review_20260626/line-review/evidence/primary-advantage-098.md	1-314	7
apps/primary-advantage	apps/primary-advantage/server/utils/genaretors/audio-generator.ts	611	coder-vocengine-ark-code-latest/primary-advantage-099	reviewed	measure/tracks/primary_advantage_full_review_20260626/line-review/evidence/primary-advantage-099.md	1-611	4
apps/primary-advantage	apps/primary-advantage/server/utils/genaretors/audio-word-generator.ts	245	coder-vocengine-ark-code-latest/primary-advantage-099	reviewed	measure/tracks/primary_advantage_full_review_20260626/line-review/evidence/primary-advantage-099.md	1-245	2
apps/primary-advantage	apps/primary-advantage/server/utils/genaretors/evaluate-rating-generator.ts	72	coder-vocengine-ark-code-latest/primary-advantage-099	reviewed	measure/tracks/primary_advantage_full_review_20260626/line-review/evidence/primary-advantage-099.md	1-72	2
apps/primary-advantage	apps/primary-advantage/server/utils/genaretors/image-generator.ts	459	coder-minimax-m3/primary-advantage-100	reviewed	measure/tracks/primary_advantage_full_review_20260626/line-review/evidence/primary-advantage-100.md	1-459	13
apps/primary-advantage	apps/primary-advantage/server/utils/genaretors/la-question-generator.ts	36	coder-minimax-m3/primary-advantage-100	reviewed	measure/tracks/primary_advantage_full_review_20260626/line-review/evidence/primary-advantage-100.md	1-36	4
apps/primary-advantage	apps/primary-advantage/server/utils/genaretors/mc-question-generator.ts	42	coder-minimax-m3/primary-advantage-100	reviewed	measure/tracks/primary_advantage_full_review_20260626/line-review/evidence/primary-advantage-100.md	1-42	4
apps/primary-advantage	apps/primary-advantage/server/utils/genaretors/new-generator.ts	727	coder-deepseek-v4-flash/primary-advantage-101	reviewed	measure/tracks/primary_advantage_full_review_20260626/line-review/evidence/primary-advantage-101.md	1-727	4
apps/primary-advantage	apps/primary-advantage/server/utils/genaretors/question-generator.ts	64	coder-deepseek-v4-flash/primary-advantage-101	reviewed	measure/tracks/primary_advantage_full_review_20260626/line-review/evidence/primary-advantage-101.md	1-64	0
apps/primary-advantage	apps/primary-advantage/server/utils/genaretors/random-select-genre.ts	36	coder-deepseek-v4-flash/primary-advantage-101	reviewed	measure/tracks/primary_advantage_full_review_20260626/line-review/evidence/primary-advantage-101.md	1-36	0
apps/primary-advantage	apps/primary-advantage/server/utils/genaretors/sa-question-generator.ts	43	coder-deepseek-v4-flash/primary-advantage-101	reviewed	measure/tracks/primary_advantage_full_review_20260626/line-review/evidence/primary-advantage-101.md	1-43	0
apps/primary-advantage	apps/primary-advantage/server/utils/genaretors/sentence-translator.ts	246	coder-deepseek-v4-flash/primary-advantage-101	reviewed	measure/tracks/primary_advantage_full_review_20260626/line-review/evidence/primary-advantage-101.md	1-246	3
apps/primary-advantage	apps/primary-advantage/server/utils/genaretors/story-generator.ts	58	coder-deepseek-v4-flash/primary-advantage-101	reviewed	measure/tracks/primary_advantage_full_review_20260626/line-review/evidence/primary-advantage-101.md	1-58	0
apps/primary-advantage	apps/primary-advantage/server/utils/genaretors/topic-generator.ts	43	coder-xiaomi-mimo-v2-5-pro/primary-advantage-102	reviewed	measure/tracks/primary_advantage_full_review_20260626/line-review/evidence/primary-advantage-102.md	1-43	2
apps/primary-advantage	apps/primary-advantage/server/utils/genaretors/wordlist-generator.ts	46	coder-xiaomi-mimo-v2-5-pro/primary-advantage-102	reviewed	measure/tracks/primary_advantage_full_review_20260626/line-review/evidence/primary-advantage-102.md	1-46	3
apps/primary-advantage	apps/primary-advantage/server/utils/logging.ts	38	coder-xiaomi-mimo-v2-5-pro/primary-advantage-102	reviewed	measure/tracks/primary_advantage_full_review_20260626/line-review/evidence/primary-advantage-102.md	1-38	2
apps/primary-advantage	apps/primary-advantage/server/utils/middleware.ts	120	coder-xiaomi-mimo-v2-5-pro/primary-advantage-102	reviewed	measure/tracks/primary_advantage_full_review_20260626/line-review/evidence/primary-advantage-102.md	1-120	2
apps/primary-advantage	apps/primary-advantage/skaffold.yaml	65	coder-xiaomi-mimo-v2-5-pro/primary-advantage-102	reviewed	measure/tracks/primary_advantage_full_review_20260626/line-review/evidence/primary-advantage-102.md	1-65	1
apps/primary-advantage	apps/primary-advantage/styles/globals.css	173	coder-xiaomi-mimo-v2-5-pro/primary-advantage-102	reviewed	measure/tracks/primary_advantage_full_review_20260626/line-review/evidence/primary-advantage-102.md	1-173	1
apps/primary-advantage	apps/primary-advantage/tsconfig.json	41	coder-xiaomi-mimo-v2-5-pro/primary-advantage-102	reviewed	measure/tracks/primary_advantage_full_review_20260626/line-review/evidence/primary-advantage-102.md	1-41	0
apps/primary-advantage	apps/primary-advantage/types/enum.ts	108	coder-xiaomi-mimo-v2-5-pro/primary-advantage-102	reviewed	measure/tracks/primary_advantage_full_review_20260626/line-review/evidence/primary-advantage-102.md	1-108	1
apps/primary-advantage	apps/primary-advantage/types/index.d.ts	582	coder-xiaomi-mimo-v2-5/primary-advantage-103	reviewed	measure/tracks/primary_advantage_full_review_20260626/line-review/evidence/primary-advantage-103.md	1-582	1
apps/primary-advantage	apps/primary-advantage/types/types.d.ts	2	coder-xiaomi-mimo-v2-5/primary-advantage-103	reviewed	measure/tracks/primary_advantage_full_review_20260626/line-review/evidence/primary-advantage-103.md	1-2	0
apps/primary-advantage	apps/primary-advantage/utils/google.ts	34	coder-xiaomi-mimo-v2-5/primary-advantage-103	reviewed	measure/tracks/primary_advantage_full_review_20260626/line-review/evidence/primary-advantage-103.md	1-34	1
apps/primary-advantage	apps/primary-advantage/utils/openai.ts	12	coder-xiaomi-mimo-v2-5/primary-advantage-103	reviewed	measure/tracks/primary_advantage_full_review_20260626/line-review/evidence/primary-advantage-103.md	1-12	0
apps/primary-advantage	apps/primary-advantage/utils/resend.ts	3	coder-xiaomi-mimo-v2-5/primary-advantage-103	reviewed	measure/tracks/primary_advantage_full_review_20260626/line-review/evidence/primary-advantage-103.md	1-3	0
apps/primary-advantage	apps/primary-advantage/utils/storage.ts	98	coder-xiaomi-mimo-v2-5/primary-advantage-103	reviewed	measure/tracks/primary_advantage_full_review_20260626/line-review/evidence/primary-advantage-103.md	1-98	1
apps/primary-advantage	apps/primary-advantage/vitest.config.ts	15	coder-xiaomi-mimo-v2-5/primary-advantage-103	reviewed	measure/tracks/primary_advantage_full_review_20260626/line-review/evidence/primary-advantage-103.md	1-15	0
